,hh_id,migrations,wealth,num_shocked,wtp,wta,found_work,tick
0,1,0,0.0,0,1652.2986983549163,20000.0,0,19
0,2,0,0.0,0,1652.6452693848446,20000.0,0,19
0,3,0,0.0,0,1667.2993613922408,20000.0,0,19
0,4,0,0.0,0,1404.9582271234171,20000.0,0,19
0,5,0,0.0,0,1591.1752719350136,20000.0,0,19
0,6,0,0.0,0,1758.9197510829372,20000.0,0,19
0,7,0,0.0,0,1813.8926660137402,20000.0,0,19
0,8,0,0.0,0,1709.3566380916848,20000.0,0,19
0,9,0,0.0,0,1807.2216164740098,20000.0,0,19
0,10,0,1298689.6387209063,0,1802.832753887271,20000.0,0,19
0,11,0,0.0,0,1759.9481950472345,20000.0,0,19
0,12,0,0.0,0,1888.7451637897016,20000.0,0,19
0,13,0,0.0,0,1730.667959809038,20000.0,0,19
0,14,0,0.0,0,1773.5921977184219,20000.0,0,19
0,15,0,0.0,0,1715.1852653653734,20000.0,0,19
0,16,0,0.0,0,1832.821682584208,20000.0,0,19
0,17,0,137112.56752712277,0,1754.6363092153194,20000.0,0,19
0,18,0,0.0,0,1778.3916137462027,20000.0,0,19
0,19,0,0.0,0,1422.1804184605157,20000.0,0,19
0,20,0,0.0,0,1755.1254708661256,20000.0,0,19
0,21,0,0.0,0,1737.7285958353082,20000.0,0,19
0,22,0,0.0,0,1728.7077098154064,20000.0,0,19
0,23,0,462155.4066708022,0,1842.201704350159,20000.0,0,19
0,24,0,0.0,0,1642.6726792444765,20000.0,0,19
0,25,0,0.0,0,1859.3678727162624,20000.0,0,19
0,26,0,0.0,0,1721.0345908712368,20000.0,0,19
0,27,0,0.0,0,1712.832147910272,20000.0,0,19
0,28,0,0.0,0,1873.922207696219,20000.0,0,19
0,29,0,0.0,0,1716.4983781331805,20000.0,0,19
0,30,0,1541048.2893484363,0,1910.4109001354977,20000.0,0,19
0,31,0,0.0,0,1876.7546372353322,20000.0,0,19
0,32,0,0.0,0,1842.3993791602484,20000.0,0,19
0,33,0,0.0,0,1689.3653821848293,20000.0,0,19
0,34,0,0.0,0,1769.4036357539073,20000.0,0,19
0,35,0,0.0,0,1735.614639034128,20000.0,0,19
0,36,0,0.0,0,1716.1012392464336,20000.0,0,19
0,37,0,0.0,0,1643.544211279871,20000.0,0,19
0,38,0,0.0,0,1787.7758697368254,20000.0,0,19
0,39,0,0.0,0,1680.6832521686538,20000.0,0,19
0,40,0,0.0,0,1689.4263835699521,20000.0,0,19
0,41,0,0.0,0,1756.8323091741408,20000.0,0,19
0,42,0,0.0,0,1789.7107214211974,20000.0,0,19
0,43,0,0.0,0,1753.2857352381357,20000.0,0,19
0,44,0,520462.19050863734,0,1906.117668589005,20000.0,0,19
0,45,0,0.0,0,1661.9649996007508,20000.0,0,19
0,46,0,0.0,0,1574.0305743802005,20000.0,0,19
0,47,0,0.0,0,1675.7387791414674,20000.0,0,19
0,48,0,0.0,0,1705.4083249119487,20000.0,0,19
0,49,0,0.0,0,1730.8146803546313,20000.0,0,19
0,50,0,1954392.9211233445,0,1836.5552251929887,20000.0,0,19
0,51,0,0.0,0,1654.403065199335,20000.0,0,19
0,52,0,0.0,0,1701.6418618608745,20000.0,0,19
0,53,0,1939425.2053723985,0,1802.8862097724782,20000.0,0,19
0,54,0,0.0,0,1828.4381384881872,20000.0,0,19
0,55,0,0.0,0,1687.4050084410794,20000.0,0,19
0,56,0,0.0,0,1788.8433256122664,20000.0,0,19
0,57,0,0.0,0,1768.8654129517963,20000.0,0,19
0,58,0,0.0,0,1818.993916071705,20000.0,0,19
0,59,0,0.0,0,1548.3224960134676,20000.0,0,19
0,60,0,0.0,0,1809.445468841953,20000.0,0,19
0,61,0,0.0,0,1771.3574346720957,20000.0,0,19
0,62,0,0.0,0,1114.5549558906334,20000.0,0,19
0,63,0,2917659.268940137,0,1915.183024826438,20000.0,0,19
0,64,0,0.0,0,1655.7888059317193,20000.0,0,19
0,65,0,0.0,0,1123.8167200059445,20000.0,0,19
0,66,0,0.0,0,1757.2939720621396,20000.0,0,19
0,67,0,0.0,0,1763.4534710216446,20000.0,0,19
0,68,0,2493401.588493067,0,1902.2528419513264,20000.0,0,19
0,69,0,0.0,0,1847.8170793857003,20000.0,0,19
0,70,0,0.0,0,1516.003587086027,20000.0,0,19
0,71,0,0.0,0,1807.8119963342374,20000.0,0,19
0,72,0,544792.088982613,0,1804.4087602386808,20000.0,0,19
0,73,0,0.0,0,1658.067919381943,20000.0,0,19
0,74,0,175309.94745647203,0,1849.0686704592629,20000.0,0,19
0,75,0,0.0,0,1621.433079709069,20000.0,0,19
0,76,0,0.0,0,1874.4853351359513,20000.0,0,19
0,77,0,0.0,0,1725.969378390888,20000.0,0,19
0,78,0,0.0,0,1698.3469727491984,20000.0,0,19
0,79,0,0.0,0,1817.7645841623307,20000.0,0,19
0,80,0,0.0,0,1683.4441078795103,20000.0,0,19
0,81,0,0.0,0,1743.7236314431655,20000.0,0,19
0,82,0,496409.320977657,0,1904.2107490836818,20000.0,0,19
0,83,0,0.0,0,1759.9003663003111,20000.0,0,19
0,84,0,0.0,0,1582.630526249913,20000.0,0,19
0,85,0,0.0,0,1702.3826117750564,20000.0,0,19
0,86,0,0.0,0,1706.4341144275086,20000.0,0,19
0,87,0,0.0,0,1672.1410476287108,20000.0,0,19
0,88,0,0.0,0,1434.4023410970267,20000.0,0,19
0,89,0,0.0,0,1871.2567971625563,20000.0,0,19
0,90,0,0.0,0,1795.1673919868826,20000.0,0,19
0,91,0,0.0,0,1513.4977056436708,20000.0,0,19
0,92,0,0.0,0,1841.0286585723752,20000.0,0,19
0,93,0,0.0,0,1689.1701655859235,20000.0,0,19
0,94,0,1409580.3414289858,0,1846.8639518412856,20000.0,0,19
0,95,0,0.0,0,1648.8732455041184,20000.0,0,19
0,96,0,0.0,0,1577.5965681261669,20000.0,0,19
0,97,0,0.0,0,1525.6022741928937,20000.0,0,19
0,98,0,0.0,0,1527.1554802502492,20000.0,0,19
0,99,0,0.0,0,1673.825133518304,20000.0,0,19
0,100,0,0.0,0,1655.9618817129422,20000.0,0,19
0,1,0,0.0,0,1852.8564713710523,20000.0,0,19
0,2,0,0.0,0,1792.715751796156,20000.0,0,19
0,3,0,0.0,0,1597.7930762046547,20000.0,0,19
0,4,0,0.0,0,1643.0543654358921,20000.0,0,19
0,5,0,0.0,0,1728.8654849663699,20000.0,0,19
0,6,0,0.0,0,1531.6061762918166,20000.0,0,19
0,7,0,0.0,0,1871.1504492520883,20000.0,0,19
0,8,0,0.0,0,1754.4626404022913,20000.0,0,19
0,9,0,0.0,0,1679.2433271181067,20000.0,0,19
0,10,0,0.0,0,1747.04637824908,20000.0,0,19
0,11,0,0.0,0,1752.9138532015495,20000.0,0,19
0,12,0,0.0,0,1867.3320819046407,20000.0,0,19
0,13,0,0.0,0,1736.8208251845963,20000.0,0,19
0,14,0,0.0,0,1874.5432516194835,20000.0,0,19
0,15,0,0.0,0,1785.3247198030338,20000.0,0,19
0,16,0,0.0,0,1635.0034271879729,20000.0,0,19
0,17,0,0.0,0,1763.83455872881,20000.0,0,19
0,18,0,0.0,0,1750.348635317212,20000.0,0,19
0,19,0,0.0,0,1791.912902733925,20000.0,0,19
0,20,0,280823.5704919743,0,1825.7081780398128,20000.0,0,19
0,21,0,0.0,0,1433.0387142929385,20000.0,0,19
0,22,0,0.0,0,1528.355156579748,20000.0,0,19
0,23,0,0.0,0,1616.4997960767987,20000.0,0,19
0,24,0,0.0,0,1696.5138981923856,20000.0,0,19
0,25,0,0.0,0,1642.179900556269,20000.0,0,19
0,26,0,0.0,0,1840.7343602191224,20000.0,0,19
0,27,0,1104498.6919472478,0,1817.345841018331,20000.0,0,19
0,28,0,0.0,0,839.8120407370282,20000.0,0,19
0,29,0,287821.8331130145,0,1865.3407642016666,20000.0,0,19
0,30,0,0.0,0,1655.8814365096944,20000.0,0,19
0,31,0,0.0,0,1840.3126618472984,20000.0,0,19
0,32,0,0.0,0,1763.6499485550626,20000.0,0,19
0,33,0,0.0,0,1671.1623535354086,20000.0,0,19
0,34,0,0.0,0,1435.5079048769207,20000.0,0,19
0,35,0,0.0,0,1752.5101511885853,20000.0,0,19
0,36,0,1951463.9441820753,0,1899.2505314024952,20000.0,0,19
0,37,0,1126964.7519741459,0,1913.0099212055638,20000.0,0,19
0,38,0,1126880.3757688194,0,1822.7495657769284,20000.0,0,19
0,39,0,0.0,0,1739.892742386106,20000.0,0,19
0,40,0,0.0,0,1810.2999149680159,20000.0,0,19
0,41,0,0.0,0,1603.3141034465036,20000.0,0,19
0,42,0,0.0,0,1604.2026017390563,20000.0,0,19
0,43,0,0.0,0,1717.4227748034498,20000.0,0,19
0,44,0,1366696.2420653135,0,1789.0629841347816,20000.0,0,19
0,45,0,0.0,0,1652.3519581944618,20000.0,0,19
0,46,0,0.0,0,1689.8838506521556,20000.0,0,19
0,47,0,0.0,0,1706.0848967355662,20000.0,0,19
0,48,0,0.0,0,1752.7337243348163,20000.0,0,19
0,49,0,0.0,0,1792.2028144136937,20000.0,0,19
0,50,0,0.0,0,1774.176097470845,20000.0,0,19
0,51,0,0.0,0,1644.7390213130288,20000.0,0,19
0,52,0,0.0,0,1783.203254509396,20000.0,0,19
0,53,0,0.0,0,1706.860689073986,20000.0,0,19
0,54,0,850938.6568609462,0,1846.6973838556632,20000.0,0,19
0,55,0,380933.52312144917,0,1772.4540331969604,20000.0,0,19
0,56,0,846954.4874058383,0,1847.6372525007214,20000.0,0,19
0,57,0,0.0,0,1773.4392288823828,20000.0,0,19
0,58,0,0.0,0,0.0,20000.0,0,19
0,59,0,0.0,0,1852.6396146390277,20000.0,0,19
0,60,0,0.0,0,1688.3342429084757,20000.0,0,19
0,61,0,501858.67765098833,0,1908.0581041642888,20000.0,0,19
0,62,0,0.0,0,1746.5054965816996,20000.0,0,19
0,63,0,0.0,0,1756.2177063987572,20000.0,0,19
0,64,0,0.0,0,1723.363678649531,20000.0,0,19
0,65,0,0.0,0,1792.0810815518453,20000.0,0,19
0,66,0,0.0,0,1423.8997189241302,20000.0,0,19
0,67,0,0.0,0,1592.4274815894773,20000.0,0,19
0,68,0,0.0,0,1585.2026037111261,20000.0,0,19
0,69,0,0.0,0,1715.2311372616398,20000.0,0,19
0,70,0,0.0,0,1609.2928495914107,20000.0,0,19
0,71,0,0.0,0,1674.550712551459,20000.0,0,19
0,72,0,0.0,0,1808.7451672602367,20000.0,0,19
0,73,0,0.0,0,1744.7558062198077,20000.0,0,19
0,74,0,0.0,0,1476.5356274102016,20000.0,0,19
0,75,0,0.0,0,1750.9534101441996,20000.0,0,19
0,76,0,0.0,0,1665.8718561789426,20000.0,0,19
0,77,0,0.0,0,1698.6576526096956,20000.0,0,19
0,78,0,0.0,0,1601.11628998714,20000.0,0,19
0,79,0,0.0,0,1806.2293547531676,20000.0,0,19
0,80,0,0.0,0,1650.9481428000654,20000.0,0,19
0,81,0,351091.57873505546,0,1790.5164595568,20000.0,0,19
0,82,0,525735.6881461678,0,1782.2509285908375,20000.0,0,19
0,83,0,0.0,0,1580.0280043180494,20000.0,0,19
0,84,0,2203792.0068198326,0,1860.618532236508,20000.0,0,19
0,85,0,0.0,0,1711.5320677290244,20000.0,0,19
0,86,0,0.0,0,1862.3494244906824,20000.0,0,19
0,87,0,0.0,0,1635.225524998622,20000.0,0,19
0,88,0,0.0,0,1626.9115536561987,20000.0,0,19
0,89,0,0.0,0,1694.2507609886916,20000.0,0,19
0,90,0,0.0,0,1674.0063168063436,20000.0,0,19
0,91,0,0.0,0,1795.1914240492238,20000.0,0,19
0,92,0,0.0,0,1762.324266372959,20000.0,0,19
0,93,0,0.0,0,1848.495068321675,20000.0,0,19
0,94,0,0.0,0,1835.713727842776,20000.0,0,19
0,95,0,0.0,0,1643.1482011226249,20000.0,0,19
0,96,0,0.0,0,1717.2689933566185,20000.0,0,19
0,97,0,0.0,0,1844.680857262522,20000.0,0,19
0,98,0,0.0,0,1865.7943084822564,20000.0,0,19
0,99,0,0.0,0,1871.824508650492,20000.0,0,19
0,100,0,0.0,0,1757.3309031037363,20000.0,0,19
0,1,0,0.0,0,1575.9851718837149,20000.0,0,19
0,2,0,0.0,0,1773.406650062677,20000.0,0,19
0,3,0,0.0,0,1746.7582839679535,20000.0,0,19
0,4,0,0.0,0,1583.5746503108755,20000.0,0,19
0,5,0,915793.4460751748,0,1901.7128192020743,20000.0,0,19
0,6,0,0.0,0,1853.2270860577164,20000.0,0,19
0,7,0,398745.22309037374,0,1838.9112802721531,20000.0,0,19
0,8,0,0.0,0,1819.9212469373833,20000.0,0,19
0,9,0,0.0,0,1873.3897966905688,20000.0,0,19
0,10,0,605095.8415444142,0,1818.6743706519687,20000.0,0,19
0,11,0,0.0,0,1718.8100512626286,20000.0,0,19
0,12,0,0.0,0,1497.404956041055,20000.0,0,19
0,13,0,0.0,0,1727.5514502184183,20000.0,0,19
0,14,0,0.0,0,1845.3466525055,20000.0,0,19
0,15,0,0.0,0,1772.6601387374676,20000.0,0,19
0,16,0,0.0,0,1851.2840127816323,20000.0,0,19
0,17,0,0.0,0,1779.929293968837,20000.0,0,19
0,18,0,0.0,0,1685.3001021260052,20000.0,0,19
0,19,0,880262.7170679831,0,1844.225861087266,20000.0,0,19
0,20,0,0.0,0,1863.5610438222648,20000.0,0,19
0,21,0,0.0,0,1776.4022732632018,20000.0,0,19
0,22,0,0.0,0,1748.2671734849255,20000.0,0,19
0,23,0,0.0,0,1846.2806733103378,20000.0,0,19
0,24,0,0.0,0,1510.0428379446303,20000.0,0,19
0,25,0,0.0,0,0.0,20000.0,0,19
0,26,0,0.0,0,1683.2075966111472,20000.0,0,19
0,27,0,0.0,0,1398.407644378075,20000.0,0,19
0,28,0,0.0,0,1746.1305289226873,20000.0,0,19
0,29,0,2673334.458202221,0,1764.5479350889948,20000.0,0,19
0,30,0,0.0,0,1892.3381582788088,20000.0,0,19
0,31,0,0.0,0,1813.8703508949234,20000.0,0,19
0,32,0,0.0,0,1612.696595816068,20000.0,0,19
0,33,0,0.0,0,1774.1497715213006,20000.0,0,19
0,34,0,0.0,0,1752.6024065870931,20000.0,0,19
0,35,0,969131.9937944412,0,1846.087995862961,20000.0,0,19
0,36,0,0.0,0,1783.8548948730243,20000.0,0,19
0,37,0,0.0,0,1765.9569700985608,20000.0,0,19
0,38,0,0.0,0,1818.4108950904645,20000.0,0,19
0,39,0,0.0,0,1883.9503119093174,20000.0,0,19
0,40,0,0.0,0,1155.473914914777,20000.0,0,19
0,41,0,0.0,0,1844.4909564971942,20000.0,0,19
0,42,0,0.0,0,1540.832147994659,20000.0,0,19
0,43,0,0.0,0,1840.8256541658368,20000.0,0,19
0,44,0,0.0,0,1688.8093406339028,20000.0,0,19
0,45,0,0.0,0,1845.0254965489512,20000.0,0,19
0,46,0,0.0,0,1752.6094993981771,20000.0,0,19
0,47,0,0.0,0,1683.15352736787,20000.0,0,19
0,48,0,0.0,0,1752.9708601704071,20000.0,0,19
0,49,0,0.0,0,1613.4373729269996,20000.0,0,19
0,50,0,0.0,0,1706.8665776583107,20000.0,0,19
0,51,0,156144.0143677295,0,1810.077280465331,20000.0,0,19
0,52,0,0.0,0,1694.8760485842229,20000.0,0,19
0,53,0,0.0,0,1791.4388038635964,20000.0,0,19
0,54,0,0.0,0,1843.4375577728483,20000.0,0,19
0,55,0,0.0,0,1640.1027903330757,20000.0,0,19
0,56,0,0.0,0,1329.7805805704063,20000.0,0,19
0,57,0,0.0,0,1752.549402497867,20000.0,0,19
0,58,0,0.0,0,1777.0700838554517,20000.0,0,19
0,59,0,0.0,0,1695.0764911737454,20000.0,0,19
0,60,0,0.0,0,1764.1356929220303,20000.0,0,19
0,61,0,1539619.110247011,0,1802.944115408145,20000.0,0,19
0,62,0,0.0,0,1602.2940267563074,20000.0,0,19
0,63,0,0.0,0,1693.4455890166257,20000.0,0,19
0,64,0,0.0,0,1598.0635370929315,20000.0,0,19
0,65,0,0.0,0,1446.025008317802,20000.0,0,19
0,66,0,0.0,0,1814.1773381026815,20000.0,0,19
0,67,0,843298.3122871772,0,1873.7051797028787,20000.0,0,19
0,68,0,0.0,0,1629.5550738271388,20000.0,0,19
0,69,0,0.0,0,1806.9299014352214,20000.0,0,19
0,70,0,0.0,0,1683.1891131852578,20000.0,0,19
0,71,0,652921.7724240747,0,1789.5986060542705,20000.0,0,19
0,72,0,0.0,0,1841.4069437691244,20000.0,0,19
0,73,0,0.0,0,1883.7504769189586,20000.0,0,19
0,74,0,0.0,0,1813.9087864089233,20000.0,0,19
0,75,0,0.0,0,1747.7986406293908,20000.0,0,19
0,76,0,0.0,0,1630.010404643817,20000.0,0,19
0,77,0,0.0,0,1526.8125721882511,20000.0,0,19
0,78,0,0.0,0,1556.4351422037796,20000.0,0,19
0,79,0,0.0,0,1660.5369680523222,20000.0,0,19
0,80,0,0.0,0,1869.2416952813212,20000.0,0,19
0,81,0,0.0,0,1768.0868511723497,20000.0,0,19
0,82,0,0.0,0,1671.5906539330474,20000.0,0,19
0,83,0,0.0,0,1703.418158295584,20000.0,0,19
0,84,0,0.0,0,1786.2739641786068,20000.0,0,19
0,85,0,0.0,0,1753.256288080827,20000.0,0,19
0,86,0,0.0,0,1808.343307037182,20000.0,0,19
0,87,0,0.0,0,1715.0353184900514,20000.0,0,19
0,88,0,0.0,0,1713.1251207279995,20000.0,0,19
0,89,0,0.0,0,1774.9422298949128,20000.0,0,19
0,90,0,0.0,0,1810.1539571887006,20000.0,0,19
0,91,0,0.0,0,1734.545205000466,20000.0,0,19
0,92,0,0.0,0,1748.6897860359463,20000.0,0,19
0,93,0,0.0,0,1878.073260109791,20000.0,0,19
0,94,0,1404369.5814753328,0,1845.4402333294136,20000.0,0,19
0,95,0,0.0,0,1854.6715340514857,20000.0,0,19
0,96,0,0.0,0,1672.5404332707997,20000.0,0,19
0,97,0,0.0,0,1739.036386458352,20000.0,0,19
0,98,0,0.0,0,1615.9125793268474,20000.0,0,19
0,99,0,0.0,0,1695.7017649691384,20000.0,0,19
0,100,0,0.0,0,1801.7148658757528,20000.0,0,19
0,1,0,0.0,0,1751.0664061603284,20000.0,0,19
0,2,0,0.0,0,1840.5326330233297,20000.0,0,19
0,3,0,0.0,0,1883.5758504287212,20000.0,0,19
0,4,0,0.0,0,1549.2262970041274,20000.0,0,19
0,5,0,0.0,0,1807.8201905600267,20000.0,0,19
0,6,0,0.0,0,1870.0732201453209,20000.0,0,19
0,7,0,0.0,0,1732.1575460655768,20000.0,0,19
0,8,0,0.0,0,1812.1914242988757,20000.0,0,19
0,9,0,3637237.207812345,0,1886.595288447531,20000.0,0,19
0,10,0,0.0,0,1646.3433523001115,20000.0,0,19
0,11,0,0.0,0,1631.166115469528,20000.0,0,19
0,12,0,0.0,0,1717.9675227955413,20000.0,0,19
0,13,0,0.0,0,1655.609603328588,20000.0,0,19
0,14,0,0.0,0,1291.624964661966,20000.0,0,19
0,15,0,0.0,0,1699.6409616064589,20000.0,0,19
0,16,0,0.0,0,1858.4860312665917,20000.0,0,19
0,17,0,0.0,0,1741.0426224982753,20000.0,0,19
0,18,0,0.0,0,1509.9050041615192,20000.0,0,19
0,19,0,0.0,0,1806.5745562248546,20000.0,0,19
0,20,0,0.0,0,1751.0079835568781,20000.0,0,19
0,21,0,454931.5129707741,0,1821.5382587392828,20000.0,0,19
0,22,0,0.0,0,1648.2075074826832,20000.0,0,19
0,23,0,0.0,0,1828.1052828724996,20000.0,0,19
0,24,0,0.0,0,1858.2935454821763,20000.0,0,19
0,25,0,0.0,0,1788.6429383282841,20000.0,0,19
0,26,0,0.0,0,1770.339039789395,20000.0,0,19
0,27,0,0.0,0,1672.2240329063968,20000.0,0,19
0,28,0,0.0,0,1851.2664788493814,20000.0,0,19
0,29,0,0.0,0,1697.2205209593822,20000.0,0,19
0,30,0,0.0,0,1774.5203677072316,20000.0,0,19
0,31,0,0.0,0,1785.7178040742097,20000.0,0,19
0,32,0,0.0,0,1855.5222639554258,20000.0,0,19
0,33,0,0.0,0,1785.0835046524678,20000.0,0,19
0,34,0,0.0,0,1749.5862244600987,20000.0,0,19
0,35,0,0.0,0,1802.2364884255715,20000.0,0,19
0,36,0,0.0,0,1686.206586319927,20000.0,0,19
0,37,0,0.0,0,1665.5597877766743,20000.0,0,19
0,38,0,0.0,0,1664.1297169477514,20000.0,0,19
0,39,0,0.0,0,1806.6643833839305,20000.0,0,19
0,40,0,0.0,0,1680.7304121546956,20000.0,0,19
0,41,0,0.0,0,1858.263678948968,20000.0,0,19
0,42,0,0.0,0,1802.0873706893763,20000.0,0,19
0,43,0,0.0,0,1733.2755304941354,20000.0,0,19
0,44,0,0.0,0,1840.2427827155118,20000.0,0,19
0,45,0,0.0,0,1748.6171919074668,20000.0,0,19
0,46,0,0.0,0,1514.9614133400828,20000.0,0,19
0,47,0,0.0,0,1787.2074165405652,20000.0,0,19
0,48,0,0.0,0,1813.9061464479637,20000.0,0,19
0,49,0,0.0,0,1643.0906215102498,20000.0,0,19
0,50,0,0.0,0,1704.4651829806448,20000.0,0,19
0,51,0,0.0,0,1771.195708163512,20000.0,0,19
0,52,0,0.0,0,1669.3895927398114,20000.0,0,19
0,53,0,0.0,0,1761.1217737330749,20000.0,0,19
0,54,0,0.0,0,1757.7117215972494,20000.0,0,19
0,55,0,0.0,0,1781.5947235384285,20000.0,0,19
0,56,0,0.0,0,1735.8498846546936,20000.0,0,19
0,57,0,0.0,0,1826.8598172651182,20000.0,0,19
0,58,0,0.0,0,1756.3836512485009,20000.0,0,19
0,59,0,0.0,0,1031.823408366769,20000.0,0,19
0,60,0,2008333.941275002,0,1840.915229207967,20000.0,0,19
0,61,0,0.0,0,1743.2930007918133,20000.0,0,19
0,62,0,0.0,0,1826.2156832932383,20000.0,0,19
0,63,0,0.0,0,1529.2562963344897,20000.0,0,19
0,64,0,0.0,0,1855.0022309104297,20000.0,0,19
0,65,0,0.0,0,1852.0245263612815,20000.0,0,19
0,66,0,0.0,0,1753.0173817354807,20000.0,0,19
0,67,0,0.0,0,1708.5906147650646,20000.0,0,19
0,68,0,0.0,0,1782.9508610820294,20000.0,0,19
0,69,0,0.0,0,1666.3517356300617,20000.0,0,19
0,70,0,0.0,0,1781.9427167794056,20000.0,0,19
0,71,0,0.0,0,1780.6858351934973,20000.0,0,19
0,72,0,0.0,0,1732.8486599605951,20000.0,0,19
0,73,0,0.0,0,1831.003695277703,20000.0,0,19
0,74,0,0.0,0,1705.9099931766464,20000.0,0,19
0,75,0,0.0,0,1638.812242334333,20000.0,0,19
0,76,0,0.0,0,1900.4111115360101,20000.0,0,19
0,77,0,0.0,0,1782.6586993826209,20000.0,0,19
0,78,0,0.0,0,1858.4734836184489,20000.0,0,19
0,79,0,0.0,0,1826.4099648197894,20000.0,0,19
0,80,0,0.0,0,1848.768760993855,20000.0,0,19
0,81,0,0.0,0,1702.1396691639034,20000.0,0,19
0,82,0,0.0,0,1717.0069156239226,20000.0,0,19
0,83,0,628762.7683869933,0,1812.0152491633792,20000.0,0,19
0,84,0,0.0,0,1737.7648933791359,20000.0,0,19
0,85,0,0.0,0,1627.7081408350375,20000.0,0,19
0,86,0,0.0,0,1826.9882400169201,20000.0,0,19
0,87,0,320834.44248859753,0,1874.1053028862173,20000.0,0,19
0,88,0,0.0,0,1648.6808367574736,20000.0,0,19
0,89,0,0.0,0,1226.6801129484481,20000.0,0,19
0,90,0,0.0,0,1826.0417712813417,20000.0,0,19
0,91,0,0.0,0,1821.3690330940651,20000.0,0,19
0,92,0,0.0,0,1701.083682076887,20000.0,0,19
0,93,0,1184889.7554109457,0,1865.8625741804146,20000.0,0,19
0,94,0,1595311.041008281,0,1791.3872576298136,20000.0,0,19
0,95,0,0.0,0,1703.0189505886005,20000.0,0,19
0,96,0,0.0,0,1671.6385987159679,20000.0,0,19
0,97,0,0.0,0,1826.149901850872,20000.0,0,19
0,98,0,0.0,0,1821.751368993872,20000.0,0,19
0,99,0,0.0,0,1641.780053851694,20000.0,0,19
0,100,0,0.0,0,1738.841893799598,20000.0,0,19
0,1,0,0.0,0,1091.997487538075,20000.0,0,19
0,2,0,0.0,0,1702.6920241525706,20000.0,0,19
0,3,0,0.0,0,1762.3381525209634,20000.0,0,19
0,4,0,0.0,0,1730.4476153304129,20000.0,0,19
0,5,0,0.0,0,1521.1292270716494,20000.0,0,19
0,6,0,0.0,0,1732.2921225648038,20000.0,0,19
0,7,0,0.0,0,1829.145084639741,20000.0,0,19
0,8,0,0.0,0,1611.7612289500028,20000.0,0,19
0,9,0,0.0,0,1723.2190889350597,20000.0,0,19
0,10,0,0.0,0,1871.0264031586391,20000.0,0,19
0,11,0,0.0,0,1852.2807644805537,20000.0,0,19
0,12,0,0.0,0,1701.17084338997,20000.0,0,19
0,13,0,196428.77833523622,0,1885.215758458459,20000.0,0,19
0,14,0,0.0,0,1794.9825637036793,20000.0,0,19
0,15,0,0.0,0,1757.0501822371423,20000.0,0,19
0,16,0,0.0,0,1711.8695822244676,20000.0,0,19
0,17,0,0.0,0,1081.5565761499197,20000.0,0,19
0,18,0,0.0,0,1664.8232250014576,20000.0,0,19
0,19,0,0.0,0,1731.5265193797084,20000.0,0,19
0,20,0,0.0,0,1669.446743595833,20000.0,0,19
0,21,0,0.0,0,1740.86177918152,20000.0,0,19
0,22,0,0.0,0,1759.732779694822,20000.0,0,19
0,23,0,0.0,0,1513.471459784336,20000.0,0,19
0,24,0,0.0,0,1744.9639047699297,20000.0,0,19
0,25,0,0.0,0,1735.2136052737108,20000.0,0,19
0,26,0,0.0,0,1578.5342426981078,20000.0,0,19
0,27,0,0.0,0,1746.1428170742136,20000.0,0,19
0,28,0,1277488.964239805,0,1829.5852629249734,20000.0,0,19
0,29,0,0.0,0,1647.7478622172207,20000.0,0,19
0,30,0,0.0,0,1687.9225200638768,20000.0,0,19
0,31,0,0.0,0,1802.7287175882502,20000.0,0,19
0,32,0,0.0,0,1268.2732082050893,20000.0,0,19
0,33,0,0.0,0,1915.8055343167189,20000.0,0,19
0,34,0,0.0,0,1795.422452942744,20000.0,0,19
0,35,0,0.0,0,1804.7220159594515,20000.0,0,19
0,36,0,0.0,0,1303.9805005198914,20000.0,0,19
0,37,0,0.0,0,1713.6626404595343,20000.0,0,19
0,38,0,0.0,0,1650.4885186600363,20000.0,0,19
0,39,0,0.0,0,1817.9583163531136,20000.0,0,19
0,40,0,0.0,0,1616.901918920699,20000.0,0,19
0,41,0,0.0,0,1620.3623885880015,20000.0,0,19
0,42,0,0.0,0,1789.567199279185,20000.0,0,19
0,43,0,0.0,0,1755.4365998908502,20000.0,0,19
0,44,0,0.0,0,1742.4082269474957,20000.0,0,19
0,45,0,0.0,0,1655.0755712016319,20000.0,0,19
0,46,0,0.0,0,1688.1910279555989,20000.0,0,19
0,47,0,0.0,0,1804.7251397661978,20000.0,0,19
0,48,0,1376501.1776661447,0,1760.4834266906657,20000.0,0,19
0,49,0,0.0,0,1708.9685112419638,20000.0,0,19
0,50,0,0.0,0,1766.573455843139,20000.0,0,19
0,51,0,0.0,0,1753.5667778024954,20000.0,0,19
0,52,0,0.0,0,1697.7606164096585,20000.0,0,19
0,53,0,0.0,0,1766.9111405571305,20000.0,0,19
0,54,0,0.0,0,1686.289382003375,20000.0,0,19
0,55,0,0.0,0,1648.5248897764661,20000.0,0,19
0,56,0,0.0,0,1437.8666501857476,20000.0,0,19
0,57,0,0.0,0,1653.5194051477113,20000.0,0,19
0,58,0,0.0,0,1400.5551297888017,20000.0,0,19
0,59,0,0.0,0,1563.9728316313851,20000.0,0,19
0,60,0,0.0,0,1702.1288874296552,20000.0,0,19
0,61,0,0.0,0,1628.288396724467,20000.0,0,19
0,62,0,0.0,0,523.4365452742979,20000.0,0,19
0,63,0,749692.6401147603,0,1777.0056708956458,20000.0,0,19
0,64,0,0.0,0,1761.0039766115106,20000.0,0,19
0,65,0,0.0,0,1577.6401183688208,20000.0,0,19
0,66,0,0.0,0,1572.48982961027,20000.0,0,19
0,67,0,0.0,0,1888.809697578601,20000.0,0,19
0,68,0,0.0,0,1855.5273289201457,20000.0,0,19
0,69,0,0.0,0,1572.0334095139049,20000.0,0,19
0,70,0,0.0,0,1603.4554090389802,20000.0,0,19
0,71,0,0.0,0,1771.445246909149,20000.0,0,19
0,72,0,0.0,0,1771.636992534117,20000.0,0,19
0,73,0,0.0,0,1791.913407866181,20000.0,0,19
0,74,0,150227.1708589063,0,1794.231218917985,20000.0,0,19
0,75,0,0.0,0,1869.1297549993512,20000.0,0,19
0,76,0,0.0,0,1678.0237131267183,20000.0,0,19
0,77,0,0.0,0,1792.1596163430847,20000.0,0,19
0,78,0,0.0,0,1737.8036849977361,20000.0,0,19
0,79,0,0.0,0,1623.883739681171,20000.0,0,19
0,80,0,0.0,0,1744.5139913595333,20000.0,0,19
0,81,0,0.0,0,1706.3483358050212,20000.0,0,19
0,82,0,0.0,0,1435.4359853730605,20000.0,0,19
0,83,0,0.0,0,772.7460952199739,20000.0,0,19
0,84,0,0.0,0,1763.6888661736327,20000.0,0,19
0,85,0,1925024.1484706705,0,1824.9535038241977,20000.0,0,19
0,86,0,0.0,0,1798.506857471772,20000.0,0,19
0,87,0,0.0,0,1377.8382487586152,20000.0,0,19
0,88,0,0.0,0,1798.4199588428773,20000.0,0,19
0,89,0,0.0,0,1623.2528230180794,20000.0,0,19
0,90,0,0.0,0,1701.492153796566,20000.0,0,19
0,91,0,671453.6250931281,0,1839.77401641103,20000.0,0,19
0,92,0,0.0,0,1842.502244237357,20000.0,0,19
0,93,0,753347.0521940019,0,1916.7444489355455,20000.0,0,19
0,94,0,0.0,0,1674.883717609176,20000.0,0,19
0,95,0,0.0,0,1886.7535498658165,20000.0,0,19
0,96,0,0.0,0,1686.0899407543866,20000.0,0,19
0,97,0,0.0,0,1866.740698949018,20000.0,0,19
0,98,0,1277490.1903913473,0,1818.6636635009354,20000.0,0,19
0,99,0,0.0,0,1704.3480780588986,20000.0,0,19
0,100,0,0.0,0,1835.0699735606186,20000.0,0,19
0,1,0,0.0,0,1508.0970697382927,20000.0,0,19
0,2,0,0.0,0,1499.1967387234363,20000.0,0,19
0,3,0,0.0,0,1609.751514606385,20000.0,0,19
0,4,0,0.0,0,1797.8033384259702,20000.0,0,19
0,5,0,0.0,0,1469.5454652343215,20000.0,0,19
0,6,0,0.0,0,1768.2998015162866,20000.0,0,19
0,7,0,0.0,0,1775.6832241570628,20000.0,0,19
0,8,0,0.0,0,1573.555855887451,20000.0,0,19
0,9,0,0.0,0,1560.7170696119001,20000.0,0,19
0,10,0,0.0,0,1887.3667780186197,20000.0,0,19
0,11,0,0.0,0,1367.734857222628,20000.0,0,19
0,12,0,0.0,0,1740.2759693279627,20000.0,0,19
0,13,0,0.0,0,1774.4214471769362,20000.0,0,19
0,14,0,0.0,0,1707.8871437313478,20000.0,0,19
0,15,0,0.0,0,1695.3594120519037,20000.0,0,19
0,16,0,0.0,0,1555.8445321014672,20000.0,0,19
0,17,0,0.0,0,1774.0761889340079,20000.0,0,19
0,18,0,0.0,0,1792.9636021970755,20000.0,0,19
0,19,0,0.0,0,1205.3014369493367,20000.0,0,19
0,20,0,0.0,0,1746.8160618369584,20000.0,0,19
0,21,0,0.0,0,1491.1568519578466,20000.0,0,19
0,22,0,0.0,0,1821.627758198362,20000.0,0,19
0,23,0,0.0,0,1778.7234772846039,20000.0,0,19
0,24,0,0.0,0,1677.6718029917208,20000.0,0,19
0,25,0,0.0,0,1765.3662791100253,20000.0,0,19
0,26,0,0.0,0,1505.871730435766,20000.0,0,19
0,27,0,196390.28236211554,0,1797.5857293604033,20000.0,0,19
0,28,0,1368560.0113375445,0,1761.078546558423,20000.0,0,19
0,29,0,0.0,0,1640.4600135020319,20000.0,0,19
0,30,0,0.0,0,1706.1722836189963,20000.0,0,19
0,31,0,0.0,0,1849.248093652573,20000.0,0,19
0,32,0,281025.72295274324,0,1870.7296550315261,20000.0,0,19
0,33,0,0.0,0,1722.7278313677205,20000.0,0,19
0,34,0,0.0,0,1613.8547515619373,20000.0,0,19
0,35,0,315237.9800059938,0,1881.2949695581367,20000.0,0,19
0,36,0,0.0,0,1860.8900865544172,20000.0,0,19
0,37,0,0.0,0,1777.8519020809408,20000.0,0,19
0,38,0,0.0,0,1390.7313658404803,20000.0,0,19
0,39,0,0.0,0,1651.5776328689583,20000.0,0,19
0,40,0,0.0,0,1848.5903826337192,20000.0,0,19
0,41,0,0.0,0,1656.6197376691168,20000.0,0,19
0,42,0,0.0,0,1821.1761892173454,20000.0,0,19
0,43,0,0.0,0,1672.4420367189725,20000.0,0,19
0,44,0,864500.2371609571,0,1771.9273121719218,20000.0,0,19
0,45,0,0.0,0,1680.30624773308,20000.0,0,19
0,46,0,2276955.45935175,0,1907.550767407143,20000.0,0,19
0,47,0,0.0,0,1599.4444313526215,20000.0,0,19
0,48,0,0.0,0,1814.0823285489091,20000.0,0,19
0,49,0,0.0,0,1854.1636367779251,20000.0,0,19
0,50,0,0.0,0,1632.821393062972,20000.0,0,19
0,51,0,1313197.290775627,0,1865.910248939181,20000.0,0,19
0,52,0,1523914.5060928208,0,1797.643156257156,20000.0,0,19
0,53,0,0.0,0,1816.572156173498,20000.0,0,19
0,54,0,0.0,0,1748.613852511622,20000.0,0,19
0,55,0,3368741.0374344923,0,1809.8806496551222,20000.0,0,19
0,56,0,0.0,0,1877.2592866521002,20000.0,0,19
0,57,0,0.0,0,1761.9149573082204,20000.0,0,19
0,58,0,0.0,0,1321.1332696915222,20000.0,0,19
0,59,0,0.0,0,1334.9870146058418,20000.0,0,19
0,60,0,0.0,0,1735.6015698698893,20000.0,0,19
0,61,0,0.0,0,1847.307544970703,20000.0,0,19
0,62,0,0.0,0,1840.3664084348534,20000.0,0,19
0,63,0,0.0,0,1674.5411779078343,20000.0,0,19
0,64,0,0.0,0,1685.5944067264336,20000.0,0,19
0,65,0,525324.1073545864,0,1898.4869178594508,20000.0,0,19
0,66,0,0.0,0,1795.1411814274416,20000.0,0,19
0,67,0,1423586.387875321,0,1801.0319334287703,20000.0,0,19
0,68,0,0.0,0,1736.0400922289389,20000.0,0,19
0,69,0,0.0,0,1784.4137933839302,20000.0,0,19
0,70,0,0.0,0,1732.4205311561552,20000.0,0,19
0,71,0,1429509.934417986,0,1819.4323345865441,20000.0,0,19
0,72,0,0.0,0,1743.1999877693133,20000.0,0,19
0,73,0,0.0,0,1872.3220009420932,20000.0,0,19
0,74,0,0.0,0,1780.575380040472,20000.0,0,19
0,75,0,0.0,0,1626.7757191451062,20000.0,0,19
0,76,0,0.0,0,1711.516214271686,20000.0,0,19
0,77,0,0.0,0,1708.5532301127444,20000.0,0,19
0,78,0,0.0,0,1699.331928497596,20000.0,0,19
0,79,0,0.0,0,1793.284933695967,20000.0,0,19
0,80,0,0.0,0,1817.9864865196828,20000.0,0,19
0,81,0,0.0,0,1861.2535711770877,20000.0,0,19
0,82,0,0.0,0,1738.4990073216652,20000.0,0,19
0,83,0,0.0,0,1666.5966754937035,20000.0,0,19
0,84,0,0.0,0,1728.857455409933,20000.0,0,19
0,85,0,0.0,0,1746.0496450799835,20000.0,0,19
0,86,0,0.0,0,1875.9387131525643,20000.0,0,19
0,87,0,0.0,0,1747.8757936920028,20000.0,0,19
0,88,0,0.0,0,1796.4192142592344,20000.0,0,19
0,89,0,0.0,0,1737.3546013824446,20000.0,0,19
0,90,0,0.0,0,1745.7645095373696,20000.0,0,19
0,91,0,0.0,0,1763.212327589642,20000.0,0,19
0,92,0,0.0,0,1392.7327267596918,20000.0,0,19
0,93,0,0.0,0,1700.7737217606636,20000.0,0,19
0,94,0,0.0,0,1761.6580577337918,20000.0,0,19
0,95,0,0.0,0,1750.9009488296385,20000.0,0,19
0,96,0,0.0,0,1793.321771073119,20000.0,0,19
0,97,0,0.0,0,1720.02376699152,20000.0,0,19
0,98,0,0.0,0,1555.928509891946,20000.0,0,19
0,99,0,0.0,0,1764.8939601682337,20000.0,0,19
0,100,0,0.0,0,1664.8684757718504,20000.0,0,19
0,1,0,0.0,0,1823.5745260323336,20000.0,0,19
0,2,0,0.0,0,1590.0552087382544,20000.0,0,19
0,3,0,0.0,0,1506.0931816809534,20000.0,0,19
0,4,0,272004.50234178716,0,1814.8240215170247,20000.0,0,19
0,5,0,0.0,0,1612.52882623412,20000.0,0,19
0,6,0,0.0,0,1801.7767780230295,20000.0,0,19
0,7,0,0.0,0,1770.3438650666262,20000.0,0,19
0,8,0,0.0,0,1750.0461317403456,20000.0,0,19
0,9,0,0.0,0,1300.9682760555456,20000.0,0,19
0,10,0,0.0,0,1701.1624337998921,20000.0,0,19
0,11,0,0.0,0,1815.7073986498665,20000.0,0,19
0,12,0,0.0,0,1502.161620191309,20000.0,0,19
0,13,0,0.0,0,1680.5062301870173,20000.0,0,19
0,14,0,0.0,0,1443.805513971101,20000.0,0,19
0,15,0,0.0,0,1543.6173328277912,20000.0,0,19
0,16,0,0.0,0,1703.6551503511957,20000.0,0,19
0,17,0,0.0,0,1777.1524613151446,20000.0,0,19
0,18,0,0.0,0,1741.0891490878275,20000.0,0,19
0,19,0,0.0,0,1768.660299780336,20000.0,0,19
0,20,0,0.0,0,1708.0364723848652,20000.0,0,19
0,21,0,0.0,0,1753.6978362322357,20000.0,0,19
0,22,0,0.0,0,1803.3612374261259,20000.0,0,19
0,23,0,0.0,0,1741.988629188956,20000.0,0,19
0,24,0,0.0,0,1818.9421434789685,20000.0,0,19
0,25,0,0.0,0,1758.9925849486544,20000.0,0,19
0,26,0,461110.52142068767,0,1849.4916176994361,20000.0,0,19
0,27,0,2066855.7789667356,0,1863.8925068196068,20000.0,0,19
0,28,0,0.0,0,0.0,20000.0,0,19
0,29,0,0.0,0,1789.3531852556669,20000.0,0,19
0,30,0,0.0,0,1719.0426178205987,20000.0,0,19
0,31,0,1743106.7740303774,0,1863.4339588037428,20000.0,0,19
0,32,0,0.0,0,1700.5280047560027,20000.0,0,19
0,33,0,0.0,0,1872.4863099057304,20000.0,0,19
0,34,0,0.0,0,1800.2465915739122,20000.0,0,19
0,35,0,476824.68543998775,0,1896.2521765460006,20000.0,0,19
0,36,0,0.0,0,1508.2612790750945,20000.0,0,19
0,37,0,0.0,0,1795.2372695247411,20000.0,0,19
0,38,0,0.0,0,1571.7964550942784,20000.0,0,19
0,39,0,0.0,0,1878.076951302243,20000.0,0,19
0,40,0,0.0,0,1824.1118781679963,20000.0,0,19
0,41,0,0.0,0,1746.9513739565225,20000.0,0,19
0,42,0,0.0,0,1810.71641494174,20000.0,0,19
0,43,0,0.0,0,1536.5945872484683,20000.0,0,19
0,44,0,0.0,0,1186.7472438702923,20000.0,0,19
0,45,0,0.0,0,1738.3075546696298,20000.0,0,19
0,46,0,0.0,0,1828.9417174658927,20000.0,0,19
0,47,0,641675.8107883419,0,1891.5330935698562,20000.0,0,19
0,48,0,0.0,0,1414.3793780339004,20000.0,0,19
0,49,0,0.0,0,1792.1413752048327,20000.0,0,19
0,50,0,0.0,0,1776.1219288730297,20000.0,0,19
0,51,0,0.0,0,1682.8780989161085,20000.0,0,19
0,52,0,0.0,0,1448.7540040459705,20000.0,0,19
0,53,0,0.0,0,1845.8661789157657,20000.0,0,19
0,54,0,0.0,0,1807.6869947869345,20000.0,0,19
0,55,0,0.0,0,1686.8152950431797,20000.0,0,19
0,56,0,0.0,0,1753.825183512706,20000.0,0,19
0,57,0,0.0,0,1621.5161685480737,20000.0,0,19
0,58,0,0.0,0,1651.1991330686499,20000.0,0,19
0,59,0,0.0,0,1628.5964844889843,20000.0,0,19
0,60,0,0.0,0,1469.9690577985602,20000.0,0,19
0,61,0,0.0,0,1731.4403281738437,20000.0,0,19
0,62,0,0.0,0,1725.758063420041,20000.0,0,19
0,63,0,0.0,0,1531.604617410263,20000.0,0,19
0,64,0,0.0,0,1736.4117141676966,20000.0,0,19
0,65,0,0.0,0,1786.9751094178123,20000.0,0,19
0,66,0,308205.5352961863,0,1846.710330131641,20000.0,0,19
0,67,0,0.0,0,1614.991221880218,20000.0,0,19
0,68,0,0.0,0,1692.3783180207924,20000.0,0,19
0,69,0,0.0,0,1745.8039545810286,20000.0,0,19
0,70,0,0.0,0,1772.7831135137985,20000.0,0,19
0,71,0,0.0,0,1691.4749729103314,20000.0,0,19
0,72,0,0.0,0,1734.6637447016315,20000.0,0,19
0,73,0,0.0,0,1664.9883123081654,20000.0,0,19
0,74,0,0.0,0,1812.0357534993605,20000.0,0,19
0,75,0,0.0,0,1526.1012602320518,20000.0,0,19
0,76,0,0.0,0,1622.9761660802965,20000.0,0,19
0,77,0,0.0,0,606.1460297892473,20000.0,0,19
0,78,0,0.0,0,1769.2636827872639,20000.0,0,19
0,79,0,0.0,0,1733.8714329887032,20000.0,0,19
0,80,0,0.0,0,1799.8975018253052,20000.0,0,19
0,81,0,0.0,0,1730.9239880901994,20000.0,0,19
0,82,0,0.0,0,1667.9487567140552,20000.0,0,19
0,83,0,0.0,0,1792.7664862883091,20000.0,0,19
0,84,0,0.0,0,1891.715915090011,20000.0,0,19
0,85,0,0.0,0,1713.1716053720388,20000.0,0,19
0,86,0,0.0,0,1683.050758636338,20000.0,0,19
0,87,0,0.0,0,1684.1240450225348,20000.0,0,19
0,88,0,0.0,0,1884.2963434232906,20000.0,0,19
0,89,0,0.0,0,1612.3805576147765,20000.0,0,19
0,90,0,199402.21387154143,0,1885.842144032283,20000.0,0,19
0,91,0,0.0,0,1694.1898363286373,20000.0,0,19
0,92,0,0.0,0,1734.874298144458,20000.0,0,19
0,93,0,0.0,0,1759.9217270878,20000.0,0,19
0,94,0,992938.0696381088,0,1790.405278352002,20000.0,0,19
0,95,0,0.0,0,1864.5626869858222,20000.0,0,19
0,96,0,0.0,0,1733.932282739698,20000.0,0,19
0,97,0,0.0,0,1725.811593061463,20000.0,0,19
0,98,0,0.0,0,1857.3389813793208,20000.0,0,19
0,99,0,0.0,0,1827.1801913279373,20000.0,0,19
0,100,0,0.0,0,1546.72017707125,20000.0,0,19
0,1,0,0.0,0,1677.2262388330428,20000.0,0,19
0,2,0,0.0,0,1289.262364221214,20000.0,0,19
0,3,0,0.0,0,1811.2715885872603,20000.0,0,19
0,4,0,0.0,0,1689.1849440270637,20000.0,0,19
0,5,0,0.0,0,1587.8646505344861,20000.0,0,19
0,6,0,0.0,0,1616.7610031297004,20000.0,0,19
0,7,0,0.0,0,1526.9544373881558,20000.0,0,19
0,8,0,0.0,0,1530.481409683418,20000.0,0,19
0,9,0,0.0,0,1735.4272705794833,20000.0,0,19
0,10,0,0.0,0,1674.1796310332354,20000.0,0,19
0,11,0,0.0,0,1687.2468362483178,20000.0,0,19
0,12,0,335856.1491784288,0,1921.3339389448631,20000.0,0,19
0,13,0,0.0,0,1770.3928563916513,20000.0,0,19
0,14,0,0.0,0,1709.2894506663988,20000.0,0,19
0,15,0,0.0,0,1768.030487580603,20000.0,0,19
0,16,0,0.0,0,1770.4712956060653,20000.0,0,19
0,17,0,496018.86695140414,0,1867.1519361188004,20000.0,0,19
0,18,0,0.0,0,1385.24264656496,20000.0,0,19
0,19,0,0.0,0,1799.0265306000738,20000.0,0,19
0,20,0,0.0,0,1857.4200313527047,20000.0,0,19
0,21,0,0.0,0,1860.1689270263523,20000.0,0,19
0,22,0,0.0,0,1765.1588677650827,20000.0,0,19
0,23,0,0.0,0,1769.2025406171658,20000.0,0,19
0,24,0,0.0,0,1708.9348912349428,20000.0,0,19
0,25,0,0.0,0,1721.937788340316,20000.0,0,19
0,26,0,0.0,0,1055.2268502129234,20000.0,0,19
0,27,0,0.0,0,1555.3444748005452,20000.0,0,19
0,28,0,0.0,0,1896.1449505254304,20000.0,0,19
0,29,0,0.0,0,1773.5675767375049,20000.0,0,19
0,30,0,0.0,0,1505.299113145228,20000.0,0,19
0,31,0,0.0,0,1516.5175521411857,20000.0,0,19
0,32,0,0.0,0,1709.3658801200459,20000.0,0,19
0,33,0,0.0,0,1803.6546697363742,20000.0,0,19
0,34,0,0.0,0,1753.5087307421206,20000.0,0,19
0,35,0,0.0,0,1776.1595768761244,20000.0,0,19
0,36,0,0.0,0,1792.7707122423903,20000.0,0,19
0,37,0,0.0,0,1708.11482223119,20000.0,0,19
0,38,0,0.0,0,1838.0408144310109,20000.0,0,19
0,39,0,0.0,0,1773.3755873277184,20000.0,0,19
0,40,0,0.0,0,1435.243329771204,20000.0,0,19
0,41,0,0.0,0,1597.7891595437723,20000.0,0,19
0,42,0,0.0,0,1771.428543161091,20000.0,0,19
0,43,0,0.0,0,1552.796661907546,20000.0,0,19
0,44,0,0.0,0,1670.2876854217952,20000.0,0,19
0,45,0,2207079.2233638633,0,1812.4993808298266,20000.0,0,19
0,46,0,678397.0944785732,0,1777.4993303625022,20000.0,0,19
0,47,0,0.0,0,1662.021503178685,20000.0,0,19
0,48,0,0.0,0,1616.552086920629,20000.0,0,19
0,49,0,0.0,0,1662.7427827770427,20000.0,0,19
0,50,0,0.0,0,1749.593316312131,20000.0,0,19
0,51,0,0.0,0,1825.896693360273,20000.0,0,19
0,52,0,0.0,0,1726.4492662237747,20000.0,0,19
0,53,0,0.0,0,1857.3092859403264,20000.0,0,19
0,54,0,1488862.5767204356,0,1811.9393171839536,20000.0,0,19
0,55,0,0.0,0,1811.4471450564934,20000.0,0,19
0,56,0,0.0,0,1860.6307523326977,20000.0,0,19
0,57,0,0.0,0,1618.129544447365,20000.0,0,19
0,58,0,0.0,0,1666.8016820743644,20000.0,0,19
0,59,0,318258.7607327606,0,1916.0685053784991,20000.0,0,19
0,60,0,640496.336644154,0,1804.3754544731773,20000.0,0,19
0,61,0,152915.6387031219,0,1806.0109879850627,20000.0,0,19
0,62,0,159222.3923188878,0,1818.6358683238166,20000.0,0,19
0,63,0,0.0,0,1675.197934877336,20000.0,0,19
0,64,0,0.0,0,1744.3880171895028,20000.0,0,19
0,65,0,0.0,0,1614.074415633221,20000.0,0,19
0,66,0,0.0,0,1861.4318212301016,20000.0,0,19
0,67,0,0.0,0,1771.164445551313,20000.0,0,19
0,68,0,0.0,0,1709.5450637264119,20000.0,0,19
0,69,0,0.0,0,1816.5903149214885,20000.0,0,19
0,70,0,0.0,0,1807.5837429607686,20000.0,0,19
0,71,0,766390.819551808,0,1812.0362877065052,20000.0,0,19
0,72,0,1362027.2684498013,0,1804.5192551623813,20000.0,0,19
0,73,0,0.0,0,1244.6939490384716,20000.0,0,19
0,74,0,0.0,0,1861.2965423017667,20000.0,0,19
0,75,0,0.0,0,1783.6381509474986,20000.0,0,19
0,76,0,0.0,0,1760.8341771800274,20000.0,0,19
0,77,0,0.0,0,1489.1139255605979,20000.0,0,19
0,78,0,0.0,0,1596.1197487428008,20000.0,0,19
0,79,0,0.0,0,1756.0744350328273,20000.0,0,19
0,80,0,0.0,0,1837.8715023877476,20000.0,0,19
0,81,0,0.0,0,1859.3846087472737,20000.0,0,19
0,82,0,0.0,0,1827.0192458949687,20000.0,0,19
0,83,0,0.0,0,1635.3928592039158,20000.0,0,19
0,84,0,0.0,0,1656.8549101090368,20000.0,0,19
0,85,0,0.0,0,1787.4621819742706,20000.0,0,19
0,86,0,0.0,0,1750.4224622482695,20000.0,0,19
0,87,0,0.0,0,1822.3455217006879,20000.0,0,19
0,88,0,0.0,0,1545.7254107612744,20000.0,0,19
0,89,0,0.0,0,1628.5336449153697,20000.0,0,19
0,90,0,0.0,0,1562.8970604241294,20000.0,0,19
0,91,0,0.0,0,1709.952432854309,20000.0,0,19
0,92,0,0.0,0,1680.9572674321123,20000.0,0,19
0,93,0,0.0,0,1705.069714470303,20000.0,0,19
0,94,0,0.0,0,1515.738345973693,20000.0,0,19
0,95,0,0.0,0,1886.9829775996348,20000.0,0,19
0,96,0,0.0,0,1619.7878160870364,20000.0,0,19
0,97,0,0.0,0,1852.5128785468057,20000.0,0,19
0,98,0,0.0,0,1850.5554958868079,20000.0,0,19
0,99,0,0.0,0,1725.1098483757278,20000.0,0,19
0,100,0,520906.3228112111,0,1872.0579770929726,20000.0,0,19
0,1,0,0.0,0,1769.0733087243298,20000.0,0,19
0,2,0,0.0,0,1756.2146238180576,20000.0,0,19
0,3,0,1308518.4510984188,0,1896.3717915115228,20000.0,0,19
0,4,0,0.0,0,1700.0698876318252,20000.0,0,19
0,5,0,0.0,0,1759.3320279729576,20000.0,0,19
0,6,0,0.0,0,1672.0606485066899,20000.0,0,19
0,7,0,0.0,0,1642.7126963433977,20000.0,0,19
0,8,0,0.0,0,1578.873370393385,20000.0,0,19
0,9,0,0.0,0,1070.914250689149,20000.0,0,19
0,10,0,0.0,0,1662.6868696551417,20000.0,0,19
0,11,0,0.0,0,1764.539685450505,20000.0,0,19
0,12,0,0.0,0,1764.310708424408,20000.0,0,19
0,13,0,0.0,0,1514.4676414759972,20000.0,0,19
0,14,0,0.0,0,1781.0685617026734,20000.0,0,19
0,15,0,0.0,0,1727.0059012606628,20000.0,0,19
0,16,0,0.0,0,1626.0086165952112,20000.0,0,19
0,17,0,0.0,0,1719.7956879744052,20000.0,0,19
0,18,0,0.0,0,1519.9545183243918,20000.0,0,19
0,19,0,0.0,0,1845.1070987253427,20000.0,0,19
0,20,0,0.0,0,1663.9747121818164,20000.0,0,19
0,21,0,0.0,0,1715.002072727773,20000.0,0,19
0,22,0,0.0,0,1717.2803742890596,20000.0,0,19
0,23,0,0.0,0,1808.3912379298245,20000.0,0,19
0,24,0,0.0,0,1785.709052399152,20000.0,0,19
0,25,0,0.0,0,1808.913949773567,20000.0,0,19
0,26,0,0.0,0,1802.8492856349715,20000.0,0,19
0,27,0,0.0,0,1697.6500853236773,20000.0,0,19
0,28,0,0.0,0,1710.0259183645119,20000.0,0,19
0,29,0,0.0,0,1722.903719188202,20000.0,0,19
0,30,0,0.0,0,1738.5655672290407,20000.0,0,19
0,31,0,0.0,0,1794.5185114304109,20000.0,0,19
0,32,0,0.0,0,1804.098125341951,20000.0,0,19
0,33,0,0.0,0,1704.604778785363,20000.0,0,19
0,34,0,645939.1508121173,0,1784.1313582783316,20000.0,0,19
0,35,0,0.0,0,1779.3981248141574,20000.0,0,19
0,36,0,0.0,0,1735.354771672614,20000.0,0,19
0,37,0,0.0,0,1842.771288808694,20000.0,0,19
0,38,0,0.0,0,1865.8353255846089,20000.0,0,19
0,39,0,0.0,0,1404.1411223333698,20000.0,0,19
0,40,0,510520.0526392202,0,1863.5919729430518,20000.0,0,19
0,41,0,0.0,0,1402.5071171283305,20000.0,0,19
0,42,0,904860.7245586652,0,1872.411177681706,20000.0,0,19
0,43,0,0.0,0,1736.92894623755,20000.0,0,19
0,44,0,893460.1240905456,0,1850.4393429849945,20000.0,0,19
0,45,0,0.0,0,1795.5797897327916,20000.0,0,19
0,46,0,0.0,0,1739.4723474926454,20000.0,0,19
0,47,0,0.0,0,1868.4179723927612,20000.0,0,19
0,48,0,0.0,0,1885.3228487713318,20000.0,0,19
0,49,0,0.0,0,1666.7190111902014,20000.0,0,19
0,50,0,0.0,0,1790.0360474763932,20000.0,0,19
0,51,0,0.0,0,1652.8995663581456,20000.0,0,19
0,52,0,0.0,0,1739.8539206817325,20000.0,0,19
0,53,0,0.0,0,1772.8236237520505,20000.0,0,19
0,54,0,0.0,0,1785.2496782143294,20000.0,0,19
0,55,0,0.0,0,1741.3025370308828,20000.0,0,19
0,56,0,0.0,0,1663.0968141986925,20000.0,0,19
0,57,0,0.0,0,1725.8865609085315,20000.0,0,19
0,58,0,1629425.1845897383,0,1872.198841769262,20000.0,0,19
0,59,0,0.0,0,1849.0089299646165,20000.0,0,19
0,60,0,0.0,0,1715.2509020927591,20000.0,0,19
0,61,0,0.0,0,1636.9673549092836,20000.0,0,19
0,62,0,0.0,0,1789.8850280102847,20000.0,0,19
0,63,0,0.0,0,1581.9852338608414,20000.0,0,19
0,64,0,0.0,0,1669.2082719822909,20000.0,0,19
0,65,0,0.0,0,1824.5011147370894,20000.0,0,19
0,66,0,0.0,0,1698.3386140337714,20000.0,0,19
0,67,0,0.0,0,1486.5618658761775,20000.0,0,19
0,68,0,0.0,0,1751.7227301899159,20000.0,0,19
0,69,0,0.0,0,1838.0980106126808,20000.0,0,19
0,70,0,496819.12930267386,0,1839.979658354918,20000.0,0,19
0,71,0,0.0,0,1211.0978471702574,20000.0,0,19
0,72,0,0.0,0,1885.8975000249047,20000.0,0,19
0,73,0,0.0,0,1773.3900638116338,20000.0,0,19
0,74,0,0.0,0,1846.2182617254434,20000.0,0,19
0,75,0,0.0,0,1744.1635204549777,20000.0,0,19
0,76,0,0.0,0,1563.6191490432675,20000.0,0,19
0,77,0,0.0,0,1869.4153154514545,20000.0,0,19
0,78,0,0.0,0,1531.2477806100246,20000.0,0,19
0,79,0,0.0,0,1816.5772791691588,20000.0,0,19
0,80,0,0.0,0,1631.2754563461162,20000.0,0,19
0,81,0,0.0,0,1674.6909697915935,20000.0,0,19
0,82,0,0.0,0,1898.2314952395857,20000.0,0,19
0,83,0,536265.4678338811,0,1808.5336235858804,20000.0,0,19
0,84,0,0.0,0,1631.1945538744228,20000.0,0,19
0,85,0,0.0,0,1714.6877282776318,20000.0,0,19
0,86,0,0.0,0,1820.4297798071605,20000.0,0,19
0,87,0,0.0,0,1609.8197484031928,20000.0,0,19
0,88,0,0.0,0,1712.755084123046,20000.0,0,19
0,89,0,0.0,0,1820.068670964177,20000.0,0,19
0,90,0,0.0,0,1897.2958092476983,20000.0,0,19
0,91,0,0.0,0,1689.6257887225288,20000.0,0,19
0,92,0,0.0,0,1815.7864239094527,20000.0,0,19
0,93,0,0.0,0,1685.8330579948415,20000.0,0,19
0,94,0,0.0,0,1825.562625673862,20000.0,0,19
0,95,0,1032762.4415084182,0,1866.2505398967598,20000.0,0,19
0,96,0,534743.5089507626,0,1783.7377197239891,20000.0,0,19
0,97,0,0.0,0,1772.4994015752736,20000.0,0,19
0,98,0,0.0,0,1603.660398145724,20000.0,0,19
0,99,0,1435727.8014831443,0,1824.839394539628,20000.0,0,19
0,100,0,0.0,0,1701.0040211515034,20000.0,0,19
0,1,0,0.0,0,1604.766644829759,20000.0,0,19
0,2,0,0.0,0,1691.3763467745562,20000.0,0,19
0,3,0,0.0,0,1869.5188327002572,20000.0,0,19
0,4,0,0.0,0,1693.8989256792547,20000.0,0,19
0,5,0,0.0,0,1779.897087704802,20000.0,0,19
0,6,0,0.0,0,1911.7013356405478,20000.0,0,19
0,7,0,0.0,0,1219.371239460095,20000.0,0,19
0,8,0,0.0,0,1673.7967806522229,20000.0,0,19
0,9,0,0.0,0,1839.728345923562,20000.0,0,19
0,10,0,0.0,0,1903.0295222552843,20000.0,0,19
0,11,0,0.0,0,1843.5991887638277,20000.0,0,19
0,12,0,0.0,0,1842.621188953967,20000.0,0,19
0,13,0,0.0,0,1747.0220618735812,20000.0,0,19
0,14,0,0.0,0,1650.7663803335886,20000.0,0,19
0,15,0,0.0,0,1781.3136305294788,20000.0,0,19
0,16,0,0.0,0,1743.5397839732882,20000.0,0,19
0,17,0,0.0,0,1686.6705975551938,20000.0,0,19
0,18,0,0.0,0,1730.282667531921,20000.0,0,19
0,19,0,0.0,0,1648.50581708944,20000.0,0,19
0,20,0,0.0,0,1553.3505729427009,20000.0,0,19
0,21,0,0.0,0,1658.9594460149258,20000.0,0,19
0,22,0,0.0,0,1572.2565748100621,20000.0,0,19
0,23,0,0.0,0,1548.292626847469,20000.0,0,19
0,24,0,0.0,0,1181.1781179763325,20000.0,0,19
0,25,0,0.0,0,1820.9929520331757,20000.0,0,19
0,26,0,0.0,0,1847.5392177017793,20000.0,0,19
0,27,0,0.0,0,1811.3367419702813,20000.0,0,19
0,28,0,0.0,0,1770.307546757153,20000.0,0,19
0,29,0,0.0,0,1870.8483003558729,20000.0,0,19
0,30,0,0.0,0,1759.4858590338504,20000.0,0,19
0,31,0,0.0,0,1409.7944426634576,20000.0,0,19
0,32,0,0.0,0,1821.201781180485,20000.0,0,19
0,33,0,0.0,0,1852.9881185403913,20000.0,0,19
0,34,0,0.0,0,1728.276657167411,20000.0,0,19
0,35,0,0.0,0,1745.5839268780785,20000.0,0,19
0,36,0,0.0,0,1804.6064527904168,20000.0,0,19
0,37,0,0.0,0,1820.2588373483077,20000.0,0,19
0,38,0,83043.37589449831,0,1865.2955098146524,20000.0,0,19
0,39,0,0.0,0,1718.8312114243809,20000.0,0,19
0,40,0,197520.1814954599,0,1803.848100328413,20000.0,0,19
0,41,0,0.0,0,1611.588164891686,20000.0,0,19
0,42,0,0.0,0,1825.506813964485,20000.0,0,19
0,43,0,0.0,0,1640.6924366840155,20000.0,0,19
0,44,0,0.0,0,1729.4327428659947,20000.0,0,19
0,45,0,0.0,0,1671.1261294120975,20000.0,0,19
0,46,0,0.0,0,1603.41713690528,20000.0,0,19
0,47,0,519123.2951672084,0,1774.048814518619,20000.0,0,19
0,48,0,0.0,0,1600.7942184226931,20000.0,0,19
0,49,0,0.0,0,1824.1632651185548,20000.0,0,19
0,50,0,0.0,0,1774.4611011534391,20000.0,0,19
0,51,0,0.0,0,1833.6973966155253,20000.0,0,19
0,52,0,0.0,0,1739.0784609333323,20000.0,0,19
0,53,0,0.0,0,1752.6304749264718,20000.0,0,19
0,54,0,0.0,0,1804.5644738523931,20000.0,0,19
0,55,0,0.0,0,1577.346098276525,20000.0,0,19
0,56,0,0.0,0,1837.9554184996687,20000.0,0,19
0,57,0,0.0,0,1826.8552874671786,20000.0,0,19
0,58,0,0.0,0,1506.293991986645,20000.0,0,19
0,59,0,0.0,0,1831.3071567841089,20000.0,0,19
0,60,0,0.0,0,1870.545339734025,20000.0,0,19
0,61,0,0.0,0,1538.5352522998185,20000.0,0,19
0,62,0,0.0,0,1771.6711513878095,20000.0,0,19
0,63,0,0.0,0,1791.905972245577,20000.0,0,19
0,64,0,0.0,0,1653.5886116765173,20000.0,0,19
0,65,0,0.0,0,1821.150219323909,20000.0,0,19
0,66,0,0.0,0,1789.453233092539,20000.0,0,19
0,67,0,957994.2385026938,0,1904.699316236055,20000.0,0,19
0,68,0,0.0,0,1814.2339365171788,20000.0,0,19
0,69,0,0.0,0,1628.8485816303098,20000.0,0,19
0,70,0,0.0,0,1779.233882773965,20000.0,0,19
0,71,0,0.0,0,1852.6563754552008,20000.0,0,19
0,72,0,0.0,0,1745.3429241909296,20000.0,0,19
0,73,0,880178.5775580416,0,1866.5404893537777,20000.0,0,19
0,74,0,0.0,0,1802.2381329494772,20000.0,0,19
0,75,0,0.0,0,1426.0776989732128,20000.0,0,19
0,76,0,0.0,0,1808.3762622347017,20000.0,0,19
0,77,0,0.0,0,1811.692291676921,20000.0,0,19
0,78,0,0.0,0,1735.9021337827317,20000.0,0,19
0,79,0,0.0,0,1754.3979867803785,20000.0,0,19
0,80,0,0.0,0,1522.1737166040969,20000.0,0,19
0,81,0,0.0,0,1700.5098422602568,20000.0,0,19
0,82,0,997637.84142104,0,1848.3541044840176,20000.0,0,19
0,83,0,0.0,0,1776.1498185026012,20000.0,0,19
0,84,0,0.0,0,1832.2706686080521,20000.0,0,19
0,85,0,0.0,0,1676.7103505089337,20000.0,0,19
0,86,0,0.0,0,1668.6945528905092,20000.0,0,19
0,87,0,0.0,0,1794.0840675158745,20000.0,0,19
0,88,0,0.0,0,1810.6773894614948,20000.0,0,19
0,89,0,0.0,0,1715.233457921457,20000.0,0,19
0,90,0,0.0,0,1618.6324431272412,20000.0,0,19
0,91,0,0.0,0,1796.5054916410113,20000.0,0,19
0,92,0,0.0,0,1784.1050276731921,20000.0,0,19
0,93,0,0.0,0,1391.696834849859,20000.0,0,19
0,94,0,0.0,0,1541.8773938364247,20000.0,0,19
0,95,0,0.0,0,1613.1496881655453,20000.0,0,19
0,96,0,0.0,0,1738.8834867798923,20000.0,0,19
0,97,0,0.0,0,1807.5987512828005,20000.0,0,19
0,98,0,0.0,0,1665.3391135745721,20000.0,0,19
0,99,0,0.0,0,1463.9807914972114,20000.0,0,19
0,100,0,0.0,0,1831.184857674884,20000.0,0,19
0,1,0,0.0,0,1617.4187001907528,20000.0,0,19
0,2,0,0.0,0,1190.4469541288095,20000.0,0,19
0,3,0,0.0,0,1790.4904094286078,20000.0,0,19
0,4,0,0.0,0,804.9699614665791,20000.0,0,19
0,5,0,0.0,0,1808.2044722223216,20000.0,0,19
0,6,0,0.0,0,1568.9322155206166,20000.0,0,19
0,7,0,171902.37862002157,0,1839.3142000461482,20000.0,0,19
0,8,0,0.0,0,1866.4878840237059,20000.0,0,19
0,9,0,0.0,0,1824.7261406517646,20000.0,0,19
0,10,0,0.0,0,0.0,20000.0,0,19
0,11,0,0.0,0,1597.8718582766514,20000.0,0,19
0,12,0,0.0,0,1485.2768161990846,20000.0,0,19
0,13,0,0.0,0,1808.4461023930032,20000.0,0,19
0,14,0,0.0,0,1767.8823905672618,20000.0,0,19
0,15,0,0.0,0,1829.178733970429,20000.0,0,19
0,16,0,0.0,0,1797.8756333675196,20000.0,0,19
0,17,0,0.0,0,1676.7870529022896,20000.0,0,19
0,18,0,0.0,0,1694.2149982722476,20000.0,0,19
0,19,0,0.0,0,1739.4987317049245,20000.0,0,19
0,20,0,0.0,0,1687.5585847864181,20000.0,0,19
0,21,0,0.0,0,1737.9068953379888,20000.0,0,19
0,22,0,0.0,0,1698.164480659326,20000.0,0,19
0,23,0,0.0,0,1881.4857614560835,20000.0,0,19
0,24,0,0.0,0,1839.7125007038073,20000.0,0,19
0,25,0,1351037.749196759,0,1864.01252004814,20000.0,0,19
0,26,0,0.0,0,1727.384240097241,20000.0,0,19
0,27,0,0.0,0,1821.1333328225803,20000.0,0,19
0,28,0,0.0,0,1851.7117190041313,20000.0,0,19
0,29,0,0.0,0,1678.5980458136685,20000.0,0,19
0,30,0,0.0,0,1596.9286103541092,20000.0,0,19
0,31,0,2634415.885198085,0,1886.441726707797,20000.0,0,19
0,32,0,0.0,0,1733.11937892029,20000.0,0,19
0,33,0,0.0,0,1743.9599059261411,20000.0,0,19
0,34,0,0.0,0,1729.302456086364,20000.0,0,19
0,35,0,0.0,0,1729.3735018038183,20000.0,0,19
0,36,0,0.0,0,1810.7443440785541,20000.0,0,19
0,37,0,0.0,0,1665.2267323098977,20000.0,0,19
0,38,0,0.0,0,1769.8490888614426,20000.0,0,19
0,39,0,0.0,0,1643.3139817892213,20000.0,0,19
0,40,0,0.0,0,1739.7948900298136,20000.0,0,19
0,41,0,0.0,0,1793.2227488510987,20000.0,0,19
0,42,0,0.0,0,1829.663060660195,20000.0,0,19
0,43,0,0.0,0,1661.5143824437434,20000.0,0,19
0,44,0,0.0,0,1828.440547022223,20000.0,0,19
0,45,0,0.0,0,1782.9050785407796,20000.0,0,19
0,46,0,0.0,0,1782.80263354933,20000.0,0,19
0,47,0,0.0,0,1774.255890465097,20000.0,0,19
0,48,0,72854.2145469969,0,1857.1427424507192,20000.0,0,19
0,49,0,0.0,0,1730.5047061521836,20000.0,0,19
0,50,0,0.0,0,1870.2522103048666,20000.0,0,19
0,51,0,0.0,0,1731.0052583646402,20000.0,0,19
0,52,0,0.0,0,1758.9986213757627,20000.0,0,19
0,53,0,0.0,0,1675.4261906382844,20000.0,0,19
0,54,0,0.0,0,1813.7282743909036,20000.0,0,19
0,55,0,0.0,0,1867.4057821396543,20000.0,0,19
0,56,0,0.0,0,1028.6888370719437,20000.0,0,19
0,57,0,0.0,0,1785.3690366109495,20000.0,0,19
0,58,0,0.0,0,1678.5369242218358,20000.0,0,19
0,59,0,0.0,0,1768.1666333915118,20000.0,0,19
0,60,0,0.0,0,1855.902046810253,20000.0,0,19
0,61,0,0.0,0,1833.0002985781332,20000.0,0,19
0,62,0,0.0,0,1690.6353874332463,20000.0,0,19
0,63,0,0.0,0,1744.986200902178,20000.0,0,19
0,64,0,0.0,0,1748.4293091171712,20000.0,0,19
0,65,0,0.0,0,1847.3072616919724,20000.0,0,19
0,66,0,1338564.0660741194,0,1869.9323769418975,20000.0,0,19
0,67,0,0.0,0,1780.8396246781535,20000.0,0,19
0,68,0,0.0,0,1684.9918882422319,20000.0,0,19
0,69,0,0.0,0,1763.6781814194972,20000.0,0,19
0,70,0,0.0,0,1645.9990048008644,20000.0,0,19
0,71,0,0.0,0,1819.6317192544284,20000.0,0,19
0,72,0,0.0,0,1653.2367836793956,20000.0,0,19
0,73,0,0.0,0,1875.4854739115335,20000.0,0,19
0,74,0,0.0,0,1850.5529283579767,20000.0,0,19
0,75,0,0.0,0,1814.5675941517213,20000.0,0,19
0,76,0,0.0,0,1835.9655702681775,20000.0,0,19
0,77,0,0.0,0,1352.735839867166,20000.0,0,19
0,78,0,0.0,0,1881.3765337246275,20000.0,0,19
0,79,0,0.0,0,1750.3619036194466,20000.0,0,19
0,80,0,0.0,0,1640.4540326169497,20000.0,0,19
0,81,0,0.0,0,1721.8010648998227,20000.0,0,19
0,82,0,0.0,0,1854.639471132288,20000.0,0,19
0,83,0,0.0,0,1782.628733204141,20000.0,0,19
0,84,0,0.0,0,1716.851514763323,20000.0,0,19
0,85,0,0.0,0,1815.4761684352768,20000.0,0,19
0,86,0,0.0,0,1694.873600526007,20000.0,0,19
0,87,0,0.0,0,1679.938460534053,20000.0,0,19
0,88,0,0.0,0,1822.2882404105046,20000.0,0,19
0,89,0,0.0,0,1581.0294071101314,20000.0,0,19
0,90,0,2757255.0705668465,0,1916.3884198362625,20000.0,0,19
0,91,0,0.0,0,1850.199925067774,20000.0,0,19
0,92,0,0.0,0,1696.6459904473966,20000.0,0,19
0,93,0,0.0,0,1892.0625091915376,20000.0,0,19
0,94,0,0.0,0,1834.8581413375355,20000.0,0,19
0,95,0,0.0,0,1746.1819292349262,20000.0,0,19
0,96,0,0.0,0,1422.1916565666343,20000.0,0,19
0,97,0,0.0,0,1640.1492884046575,20000.0,0,19
0,98,0,0.0,0,1730.09418317917,20000.0,0,19
0,99,0,0.0,0,1780.146318411013,20000.0,0,19
0,100,0,0.0,0,1561.1435284432764,20000.0,0,19
0,1,0,1646174.0382960164,0,1902.6741285223864,20000.0,0,19
0,2,0,0.0,0,1629.7598135838768,20000.0,0,19
0,3,0,0.0,0,1708.8448196775503,20000.0,0,19
0,4,0,1035277.4291464279,0,1864.6855116169652,20000.0,0,19
0,5,0,0.0,0,1654.0305147128565,20000.0,0,19
0,6,0,0.0,0,1649.1772214899606,20000.0,0,19
0,7,0,0.0,0,0.0,20000.0,0,19
0,8,0,0.0,0,1721.864629061393,20000.0,0,19
0,9,0,0.0,0,1634.6486747234687,20000.0,0,19
0,10,0,0.0,0,1790.1185349972402,20000.0,0,19
0,11,0,146788.1205882718,0,1826.729619720232,20000.0,0,19
0,12,0,0.0,0,1713.9140629014303,20000.0,0,19
0,13,0,0.0,0,1810.6465344146554,20000.0,0,19
0,14,0,0.0,0,1743.4862065113605,20000.0,0,19
0,15,0,0.0,0,1517.7170113484117,20000.0,0,19
0,16,0,1647971.653133225,0,1849.2444970001488,20000.0,0,19
0,17,0,0.0,0,1724.8017407725938,20000.0,0,19
0,18,0,0.0,0,1705.0552316759342,20000.0,0,19
0,19,0,0.0,0,1655.8233914056923,20000.0,0,19
0,20,0,0.0,0,1619.623586608394,20000.0,0,19
0,21,0,0.0,0,1744.8879015644707,20000.0,0,19
0,22,0,0.0,0,1731.5746883190182,20000.0,0,19
0,23,0,0.0,0,1562.581021549358,20000.0,0,19
0,24,0,0.0,0,1248.6099610070364,20000.0,0,19
0,25,0,207109.57458167273,0,1811.8097759990442,20000.0,0,19
0,26,0,0.0,0,1891.3430711305282,20000.0,0,19
0,27,0,0.0,0,1743.8400267033321,20000.0,0,19
0,28,0,0.0,0,1674.8511089987028,20000.0,0,19
0,29,0,0.0,0,1350.1049440395125,20000.0,0,19
0,30,0,0.0,0,1718.476937055187,20000.0,0,19
0,31,0,0.0,0,1678.2246583619615,20000.0,0,19
0,32,0,0.0,0,1693.6896808888202,20000.0,0,19
0,33,0,0.0,0,1610.4014493504733,20000.0,0,19
0,34,0,0.0,0,1791.472504013553,20000.0,0,19
0,35,0,0.0,0,1645.0808280769177,20000.0,0,19
0,36,0,0.0,0,1635.079490692114,20000.0,0,19
0,37,0,0.0,0,1669.6914170355412,20000.0,0,19
0,38,0,0.0,0,1748.5188627327948,20000.0,0,19
0,39,0,0.0,0,1751.9183198570822,20000.0,0,19
0,40,0,1607571.6521018418,0,1798.1064775578643,20000.0,0,19
0,41,0,0.0,0,1660.050793507677,20000.0,0,19
0,42,0,0.0,0,1860.3234643792046,20000.0,0,19
0,43,0,0.0,0,1520.7815456913731,20000.0,0,19
0,44,0,0.0,0,1715.0648101742331,20000.0,0,19
0,45,0,0.0,0,1801.674050298371,20000.0,0,19
0,46,0,0.0,0,1709.5707550358143,20000.0,0,19
0,47,0,0.0,0,1756.1248216858396,20000.0,0,19
0,48,0,0.0,0,1855.8224848640157,20000.0,0,19
0,49,0,0.0,0,1791.2856427015734,20000.0,0,19
0,50,0,1393441.2924660863,0,1777.8462251378678,20000.0,0,19
0,51,0,2207610.410089528,0,1875.6068922090499,20000.0,0,19
0,52,0,0.0,0,1805.0766687788382,20000.0,0,19
0,53,0,0.0,0,1606.5335553641737,20000.0,0,19
0,54,0,0.0,0,1318.1883507590917,20000.0,0,19
0,55,0,0.0,0,1738.7893469196517,20000.0,0,19
0,56,0,0.0,0,1278.4206417525809,20000.0,0,19
0,57,0,0.0,0,1795.8080132229454,20000.0,0,19
0,58,0,0.0,0,1717.5488707357545,20000.0,0,19
0,59,0,0.0,0,1822.673451635524,20000.0,0,19
0,60,0,0.0,0,1592.9933757973395,20000.0,0,19
0,61,0,0.0,0,1869.0679034528373,20000.0,0,19
0,62,0,0.0,0,1820.7477980560475,20000.0,0,19
0,63,0,92018.49162661792,0,1777.071270679792,20000.0,0,19
0,64,0,0.0,0,1724.0428042242415,20000.0,0,19
0,65,0,1311719.5976139146,0,1855.4739589261771,20000.0,0,19
0,66,0,0.0,0,1696.0746075267677,20000.0,0,19
0,67,0,0.0,0,1808.4682367276855,20000.0,0,19
0,68,0,0.0,0,1730.0426097074694,20000.0,0,19
0,69,0,0.0,0,1650.318650584247,20000.0,0,19
0,70,0,0.0,0,1628.9082346019784,20000.0,0,19
0,71,0,0.0,0,1629.2736768751322,20000.0,0,19
0,72,0,0.0,0,1852.6842082493927,20000.0,0,19
0,73,0,0.0,0,1826.8470365398064,20000.0,0,19
0,74,0,0.0,0,1561.9833599346134,20000.0,0,19
0,75,0,0.0,0,1667.372403247462,20000.0,0,19
0,76,0,680889.3142905791,0,1867.4710138735127,20000.0,0,19
0,77,0,0.0,0,1760.6317196342916,20000.0,0,19
0,78,0,0.0,0,1837.4833464408762,20000.0,0,19
0,79,0,0.0,0,1528.7049769329146,20000.0,0,19
0,80,0,0.0,0,1854.2173982589632,20000.0,0,19
0,81,0,0.0,0,1690.6335238827933,20000.0,0,19
0,82,0,252522.72935466893,0,1835.8935100099516,20000.0,0,19
0,83,0,0.0,0,1809.9507850439725,20000.0,0,19
0,84,0,0.0,0,1774.3562915796183,20000.0,0,19
0,85,0,0.0,0,1632.6394908385814,20000.0,0,19
0,86,0,0.0,0,1710.876237107498,20000.0,0,19
0,87,0,0.0,0,1810.6587812041778,20000.0,0,19
0,88,0,0.0,0,1634.1949976119588,20000.0,0,19
0,89,0,0.0,0,1727.0523750663508,20000.0,0,19
0,90,0,504885.08906421915,0,1868.0307968797636,20000.0,0,19
0,91,0,0.0,0,1772.2235809758108,20000.0,0,19
0,92,0,0.0,0,1858.699569424147,20000.0,0,19
0,93,0,0.0,0,1661.2928929863174,20000.0,0,19
0,94,0,0.0,0,1427.6059949746086,20000.0,0,19
0,95,0,0.0,0,1816.5921037351093,20000.0,0,19
0,96,0,0.0,0,1707.2609281808204,20000.0,0,19
0,97,0,0.0,0,1719.3241529763632,20000.0,0,19
0,98,0,0.0,0,1693.987523527754,20000.0,0,19
0,99,0,1102995.6071305848,0,1812.9106624217245,20000.0,0,19
0,100,0,0.0,0,1631.2444906622552,20000.0,0,19
0,1,0,0.0,0,1742.3302383040543,20000.0,0,19
0,2,0,0.0,0,1839.1507820738386,20000.0,0,19
0,3,0,0.0,0,1793.0291476195985,20000.0,0,19
0,4,0,0.0,0,1758.582878009715,20000.0,0,19
0,5,0,0.0,0,1704.8137363519734,20000.0,0,19
0,6,0,0.0,0,1628.4032890361566,20000.0,0,19
0,7,0,0.0,0,1667.3848089918076,20000.0,0,19
0,8,0,0.0,0,1736.0812780448741,20000.0,0,19
0,9,0,1402459.011302306,0,1851.8079882963789,20000.0,0,19
0,10,0,0.0,0,1770.286641586495,20000.0,0,19
0,11,0,0.0,0,1751.4710477571243,20000.0,0,19
0,12,0,0.0,0,1754.647880391333,20000.0,0,19
0,13,0,0.0,0,1741.5198527187722,20000.0,0,19
0,14,0,0.0,0,1668.6216966056136,20000.0,0,19
0,15,0,0.0,0,1581.8471309264194,20000.0,0,19
0,16,0,0.0,0,1589.7811754107174,20000.0,0,19
0,17,0,0.0,0,1901.4817603612391,20000.0,0,19
0,18,0,0.0,0,1567.8251892995213,20000.0,0,19
0,19,0,0.0,0,1628.1930694839673,20000.0,0,19
0,20,0,0.0,0,1762.8402272891062,20000.0,0,19
0,21,0,0.0,0,1731.8813933021108,20000.0,0,19
0,22,0,0.0,0,1894.8968052508365,20000.0,0,19
0,23,0,0.0,0,1521.83878398324,20000.0,0,19
0,24,0,0.0,0,1455.7872587457005,20000.0,0,19
0,25,0,0.0,0,1611.2914608896779,20000.0,0,19
0,26,0,499928.50026308483,0,1790.0793211500522,20000.0,0,19
0,27,0,1214328.6132067363,0,1817.6143684404308,20000.0,0,19
0,28,0,0.0,0,1731.8093342347188,20000.0,0,19
0,29,0,0.0,0,1669.7504550038147,20000.0,0,19
0,30,0,0.0,0,1649.9437793936656,20000.0,0,19
0,31,0,0.0,0,1790.1274123646901,20000.0,0,19
0,32,0,0.0,0,1549.9579954408703,20000.0,0,19
0,33,0,575252.1324865676,0,1773.89008331931,20000.0,0,19
0,34,0,0.0,0,1812.5138939479746,20000.0,0,19
0,35,0,0.0,0,1828.7306906630897,20000.0,0,19
0,36,0,0.0,0,1778.6604038958371,20000.0,0,19
0,37,0,0.0,0,1778.8355270387515,20000.0,0,19
0,38,0,0.0,0,1546.868036538827,20000.0,0,19
0,39,0,0.0,0,1633.956847987006,20000.0,0,19
0,40,0,0.0,0,1733.3510573197223,20000.0,0,19
0,41,0,262731.2344111129,0,1896.3029071122203,20000.0,0,19
0,42,0,0.0,0,1680.563266638409,20000.0,0,19
0,43,0,0.0,0,1805.1112448758327,20000.0,0,19
0,44,0,0.0,0,1525.0910641341452,20000.0,0,19
0,45,0,0.0,0,1808.2167157076663,20000.0,0,19
0,46,0,0.0,0,1744.231326793881,20000.0,0,19
0,47,0,0.0,0,1652.3454779946915,20000.0,0,19
0,48,0,0.0,0,1770.6126087650475,20000.0,0,19
0,49,0,0.0,0,1867.168786227723,20000.0,0,19
0,50,0,0.0,0,1802.9234775869263,20000.0,0,19
0,51,0,0.0,0,1686.6078107157566,20000.0,0,19
0,52,0,0.0,0,1513.4924051838286,20000.0,0,19
0,53,0,0.0,0,1804.8891093438883,20000.0,0,19
0,54,0,0.0,0,1574.81572242705,20000.0,0,19
0,55,0,0.0,0,1761.6389657105892,20000.0,0,19
0,56,0,0.0,0,1822.1694300089707,20000.0,0,19
0,57,0,0.0,0,1774.4379634608422,20000.0,0,19
0,58,0,0.0,0,1655.700745528601,20000.0,0,19
0,59,0,0.0,0,1769.5054258882892,20000.0,0,19
0,60,0,0.0,0,1566.3964413930883,20000.0,0,19
0,61,0,0.0,0,1756.3830344038063,20000.0,0,19
0,62,0,0.0,0,1570.3005070435604,20000.0,0,19
0,63,0,0.0,0,1849.9545035236856,20000.0,0,19
0,64,0,0.0,0,1721.4042667921367,20000.0,0,19
0,65,0,0.0,0,1775.005689761887,20000.0,0,19
0,66,0,0.0,0,1745.9732263270498,20000.0,0,19
0,67,0,0.0,0,1671.5138306900178,20000.0,0,19
0,68,0,0.0,0,1736.0263658626052,20000.0,0,19
0,69,0,0.0,0,1565.4499025747584,20000.0,0,19
0,70,0,0.0,0,1523.3003072944118,20000.0,0,19
0,71,0,0.0,0,1774.1223975605205,20000.0,0,19
0,72,0,0.0,0,1771.5016736867321,20000.0,0,19
0,73,0,0.0,0,1119.4121517769056,20000.0,0,19
0,74,0,0.0,0,1810.3353159214275,20000.0,0,19
0,75,0,0.0,0,1726.4417530399578,20000.0,0,19
0,76,0,0.0,0,1561.0312363285118,20000.0,0,19
0,77,0,0.0,0,1828.0876544571765,20000.0,0,19
0,78,0,0.0,0,1853.5458210565944,20000.0,0,19
0,79,0,0.0,0,1749.998903565085,20000.0,0,19
0,80,0,114794.16249470734,0,1782.3889888170245,20000.0,0,19
0,81,0,0.0,0,1256.2313165334328,20000.0,0,19
0,82,0,0.0,0,1730.4990049640157,20000.0,0,19
0,83,0,0.0,0,1889.4343775872705,20000.0,0,19
0,84,0,0.0,0,1805.7137755904944,20000.0,0,19
0,85,0,0.0,0,1787.9518764076986,20000.0,0,19
0,86,0,0.0,0,1464.7203837111683,20000.0,0,19
0,87,0,0.0,0,1837.5463394582093,20000.0,0,19
0,88,0,0.0,0,1747.5604768558187,20000.0,0,19
0,89,0,0.0,0,1839.6936994834389,20000.0,0,19
0,90,0,0.0,0,1699.869057633792,20000.0,0,19
0,91,0,0.0,0,1849.547794796429,20000.0,0,19
0,92,0,0.0,0,1884.4746372010447,20000.0,0,19
0,93,0,0.0,0,1528.9677700344462,20000.0,0,19
0,94,0,0.0,0,1829.255551392993,20000.0,0,19
0,95,0,0.0,0,1816.251465479504,20000.0,0,19
0,96,0,0.0,0,1710.0587197296682,20000.0,0,19
0,97,0,0.0,0,1623.6957079739193,20000.0,0,19
0,98,0,0.0,0,1803.1082438997576,20000.0,0,19
0,99,0,0.0,0,1655.8156164897516,20000.0,0,19
0,100,0,0.0,0,1769.2359531463014,20000.0,0,19
0,1,0,0.0,0,1764.8237353014738,20000.0,0,19
0,2,0,0.0,0,1561.5577095260508,20000.0,0,19
0,3,0,0.0,0,1586.7476135488425,20000.0,0,19
0,4,0,0.0,0,1803.0571042112679,20000.0,0,19
0,5,0,0.0,0,1700.5611837693464,20000.0,0,19
0,6,0,0.0,0,1609.6979208503944,20000.0,0,19
0,7,0,0.0,0,1816.3113369363678,20000.0,0,19
0,8,0,0.0,0,1639.0534762553302,20000.0,0,19
0,9,0,0.0,0,1649.1280704810813,20000.0,0,19
0,10,0,0.0,0,603.1921041610086,20000.0,0,19
0,11,0,0.0,0,1760.6423498389001,20000.0,0,19
0,12,0,0.0,0,1732.5815783415187,20000.0,0,19
0,13,0,0.0,0,1732.7731773243509,20000.0,0,19
0,14,0,0.0,0,1843.8856898892043,20000.0,0,19
0,15,0,0.0,0,1644.481926097846,20000.0,0,19
0,16,0,0.0,0,1810.902965747785,20000.0,0,19
0,17,0,0.0,0,1824.2976923821152,20000.0,0,19
0,18,0,0.0,0,1766.352745029862,20000.0,0,19
0,19,0,0.0,0,1756.172435471946,20000.0,0,19
0,20,0,0.0,0,1860.718430779321,20000.0,0,19
0,21,0,0.0,0,1801.4717527697273,20000.0,0,19
0,22,0,0.0,0,1749.7951714836624,20000.0,0,19
0,23,0,0.0,0,1755.078501131208,20000.0,0,19
0,24,0,0.0,0,1837.712011041805,20000.0,0,19
0,25,0,0.0,0,1700.2631677078723,20000.0,0,19
0,26,0,0.0,0,1849.2402519862958,20000.0,0,19
0,27,0,0.0,0,1713.3800362732054,20000.0,0,19
0,28,0,0.0,0,1871.1651983610739,20000.0,0,19
0,29,0,0.0,0,1797.723376299524,20000.0,0,19
0,30,0,0.0,0,1774.2611361230138,20000.0,0,19
0,31,0,0.0,0,1691.3588391367718,20000.0,0,19
0,32,0,0.0,0,1697.4100620194022,20000.0,0,19
0,33,0,0.0,0,1526.7097398951162,20000.0,0,19
0,34,0,167745.09778450118,0,1903.3591200743335,20000.0,0,19
0,35,0,0.0,0,1732.8391576369768,20000.0,0,19
0,36,0,0.0,0,1728.718678617383,20000.0,0,19
0,37,0,0.0,0,1842.4685567846634,20000.0,0,19
0,38,0,0.0,0,1775.5870128718495,20000.0,0,19
0,39,0,0.0,0,1812.2533961489673,20000.0,0,19
0,40,0,0.0,0,1592.138865997258,20000.0,0,19
0,41,0,1312909.6897034917,0,1817.6864676676953,20000.0,0,19
0,42,0,0.0,0,1758.1932858738232,20000.0,0,19
0,43,0,0.0,0,1089.877142116329,20000.0,0,19
0,44,0,0.0,0,1876.770458917593,20000.0,0,19
0,45,0,0.0,0,1799.5606296889769,20000.0,0,19
0,46,0,0.0,0,1555.0162529991837,20000.0,0,19
0,47,0,0.0,0,1762.8668450626071,20000.0,0,19
0,48,0,0.0,0,1794.1805341632703,20000.0,0,19
0,49,0,0.0,0,1824.4456006124108,20000.0,0,19
0,50,0,0.0,0,1605.7892990997057,20000.0,0,19
0,51,0,0.0,0,1727.4692862770617,20000.0,0,19
0,52,0,0.0,0,1733.385931765394,20000.0,0,19
0,53,0,0.0,0,1783.1623735008798,20000.0,0,19
0,54,0,0.0,0,1752.1838667640309,20000.0,0,19
0,55,0,0.0,0,1716.1852423959676,20000.0,0,19
0,56,0,0.0,0,1423.4125834376807,20000.0,0,19
0,57,0,0.0,0,0.0,20000.0,0,19
0,58,0,0.0,0,1871.1692483591253,20000.0,0,19
0,59,0,0.0,0,1784.7771408038059,20000.0,0,19
0,60,0,0.0,0,1772.006371909853,20000.0,0,19
0,61,0,0.0,0,1807.0027091045492,20000.0,0,19
0,62,0,0.0,0,1673.7157857474713,20000.0,0,19
0,63,0,0.0,0,1788.8655495187807,20000.0,0,19
0,64,0,0.0,0,1415.1744384031292,20000.0,0,19
0,65,0,0.0,0,1495.323159495572,20000.0,0,19
0,66,0,0.0,0,1444.5625019478625,20000.0,0,19
0,67,0,0.0,0,1690.8675065493194,20000.0,0,19
0,68,0,0.0,0,1679.542209345081,20000.0,0,19
0,69,0,0.0,0,1633.021165716744,20000.0,0,19
0,70,0,0.0,0,1699.0650601271589,20000.0,0,19
0,71,0,0.0,0,1685.47909726028,20000.0,0,19
0,72,0,0.0,0,1727.3561446309482,20000.0,0,19
0,73,0,0.0,0,1766.1446332251244,20000.0,0,19
0,74,0,0.0,0,1615.1146924634356,20000.0,0,19
0,75,0,0.0,0,1774.838682194679,20000.0,0,19
0,76,0,785747.9714180391,0,1780.6185442752676,20000.0,0,19
0,77,0,0.0,0,1852.9704405823186,20000.0,0,19
0,78,0,0.0,0,1652.6853366057921,20000.0,0,19
0,79,0,0.0,0,1806.2294793489173,20000.0,0,19
0,80,0,0.0,0,1671.6415045889098,20000.0,0,19
0,81,0,0.0,0,1564.9817193654562,20000.0,0,19
0,82,0,0.0,0,1779.9517515695309,20000.0,0,19
0,83,0,0.0,0,1806.9217580599482,20000.0,0,19
0,84,0,0.0,0,1690.6008052309767,20000.0,0,19
0,85,0,0.0,0,1720.0034797272713,20000.0,0,19
0,86,0,0.0,0,1887.9035627147973,20000.0,0,19
0,87,0,0.0,0,1802.3325085133686,20000.0,0,19
0,88,0,0.0,0,1729.9791961992619,20000.0,0,19
0,89,0,0.0,0,1592.9454480992372,20000.0,0,19
0,90,0,0.0,0,1781.0511402293453,20000.0,0,19
0,91,0,0.0,0,1543.7447972560017,20000.0,0,19
0,92,0,0.0,0,1310.0014066164754,20000.0,0,19
0,93,0,0.0,0,1860.6417856009177,20000.0,0,19
0,94,0,0.0,0,1785.7431034082185,20000.0,0,19
0,95,0,0.0,0,1680.505386889645,20000.0,0,19
0,96,0,0.0,0,1762.5643778204105,20000.0,0,19
0,97,0,0.0,0,1799.4662990449858,20000.0,0,19
0,98,0,0.0,0,1560.8653608189932,20000.0,0,19
0,99,0,0.0,0,1463.0142331101488,20000.0,0,19
0,100,0,0.0,0,1667.4919700375171,20000.0,0,19
0,1,0,0.0,0,1701.5783278258082,20000.0,0,19
0,2,0,0.0,0,1544.3395226784826,20000.0,0,19
0,3,0,0.0,0,1874.1166583437102,20000.0,0,19
0,4,0,0.0,0,1380.5845554962768,20000.0,0,19
0,5,0,0.0,0,1650.0516934812133,20000.0,0,19
0,6,0,0.0,0,1753.1042015268772,20000.0,0,19
0,7,0,0.0,0,1696.1806208843636,20000.0,0,19
0,8,0,0.0,0,1647.2067137836077,20000.0,0,19
0,9,0,0.0,0,1824.7352066410413,20000.0,0,19
0,10,0,0.0,0,1461.8657220160148,20000.0,0,19
0,11,0,0.0,0,1828.738941661833,20000.0,0,19
0,12,0,0.0,0,1789.5305528505987,20000.0,0,19
0,13,0,0.0,0,1764.4399521691182,20000.0,0,19
0,14,0,2525719.8948957203,0,1823.2212381518768,20000.0,0,19
0,15,0,0.0,0,1864.5113376336044,20000.0,0,19
0,16,0,0.0,0,1658.6267258950504,20000.0,0,19
0,17,0,0.0,0,1743.1665524169198,20000.0,0,19
0,18,0,0.0,0,1606.3899516307458,20000.0,0,19
0,19,0,0.0,0,1704.7837937968347,20000.0,0,19
0,20,0,0.0,0,732.4278176455108,20000.0,0,19
0,21,0,0.0,0,1717.5257182971995,20000.0,0,19
0,22,0,0.0,0,1822.8067673675534,20000.0,0,19
0,23,0,0.0,0,1500.0849431935835,20000.0,0,19
0,24,0,0.0,0,1729.2436630374139,20000.0,0,19
0,25,0,0.0,0,1392.8386524683472,20000.0,0,19
0,26,0,0.0,0,1585.945440958698,20000.0,0,19
0,27,0,0.0,0,1707.2676175228341,20000.0,0,19
0,28,0,0.0,0,1709.7977526697298,20000.0,0,19
0,29,0,0.0,0,1757.0772959139588,20000.0,0,19
0,30,0,0.0,0,1892.533618688336,20000.0,0,19
0,31,0,0.0,0,1683.3868884025928,20000.0,0,19
0,32,0,0.0,0,0.0,20000.0,0,19
0,33,0,0.0,0,1675.6426365316265,20000.0,0,19
0,34,0,0.0,0,1431.7083556691364,20000.0,0,19
0,35,0,0.0,0,1740.9668344490929,20000.0,0,19
0,36,0,0.0,0,1570.8871037227211,20000.0,0,19
0,37,0,0.0,0,1553.376711517844,20000.0,0,19
0,38,0,0.0,0,1680.4719870881306,20000.0,0,19
0,39,0,0.0,0,1784.2493773303297,20000.0,0,19
0,40,0,0.0,0,1660.6919792153494,20000.0,0,19
0,41,0,0.0,0,1518.754555847752,20000.0,0,19
0,42,0,0.0,0,1757.3426331616154,20000.0,0,19
0,43,0,0.0,0,1681.2011415323066,20000.0,0,19
0,44,0,568059.3247503504,0,1765.6860496018578,20000.0,0,19
0,45,0,0.0,0,1812.4424848194415,20000.0,0,19
0,46,0,0.0,0,1796.9404425641455,20000.0,0,19
0,47,0,0.0,0,1734.0581420989713,20000.0,0,19
0,48,0,0.0,0,1820.0152366556588,20000.0,0,19
0,49,0,0.0,0,1728.2696066115411,20000.0,0,19
0,50,0,0.0,0,1673.8326252397499,20000.0,0,19
0,51,0,0.0,0,1801.96279892512,20000.0,0,19
0,52,0,0.0,0,1773.6715079111739,20000.0,0,19
0,53,0,0.0,0,1846.6283840406893,20000.0,0,19
0,54,0,0.0,0,1204.3270482758082,20000.0,0,19
0,55,0,0.0,0,1669.5122466716903,20000.0,0,19
0,56,0,0.0,0,1686.7511504293352,20000.0,0,19
0,57,0,0.0,0,1860.8800357617247,20000.0,0,19
0,58,0,0.0,0,1809.141536526907,20000.0,0,19
0,59,0,0.0,0,1678.290603315029,20000.0,0,19
0,60,0,0.0,0,1789.2627716931822,20000.0,0,19
0,61,0,0.0,0,1739.1836848907478,20000.0,0,19
0,62,0,603529.8233380591,0,1831.3389277286253,20000.0,0,19
0,63,0,0.0,0,1884.7978651928654,20000.0,0,19
0,64,0,0.0,0,1616.2193509379447,20000.0,0,19
0,65,0,0.0,0,1696.6925209835886,20000.0,0,19
0,66,0,0.0,0,1743.514637223248,20000.0,0,19
0,67,0,0.0,0,1750.9777127905793,20000.0,0,19
0,68,0,0.0,0,1502.8255629259434,20000.0,0,19
0,69,0,938158.8877448759,0,1889.1875868598001,20000.0,0,19
0,70,0,0.0,0,1771.0244208672698,20000.0,0,19
0,71,0,0.0,0,1733.878480481558,20000.0,0,19
0,72,0,0.0,0,1738.9983622877228,20000.0,0,19
0,73,0,0.0,0,1654.528840652744,20000.0,0,19
0,74,0,0.0,0,1761.2986528458732,20000.0,0,19
0,75,0,0.0,0,1825.14961405856,20000.0,0,19
0,76,0,0.0,0,1717.703498383368,20000.0,0,19
0,77,0,1579764.4479420795,0,1783.1841039401625,20000.0,0,19
0,78,0,1880251.0642296157,0,1903.6155708784866,20000.0,0,19
0,79,0,0.0,0,1574.369842613187,20000.0,0,19
0,80,0,0.0,0,1756.7696156544653,20000.0,0,19
0,81,0,0.0,0,1865.5512878302022,20000.0,0,19
0,82,0,0.0,0,1188.2868896065222,20000.0,0,19
0,83,0,438905.4558436249,0,1861.2086977159643,20000.0,0,19
0,84,0,0.0,0,1746.4576459429984,20000.0,0,19
0,85,0,0.0,0,1773.768856853123,20000.0,0,19
0,86,0,0.0,0,1855.4916421333203,20000.0,0,19
0,87,0,0.0,0,1592.4161812910102,20000.0,0,19
0,88,0,0.0,0,1700.1395908152526,20000.0,0,19
0,89,0,0.0,0,1826.807886530593,20000.0,0,19
0,90,0,0.0,0,1818.3011262185364,20000.0,0,19
0,91,0,0.0,0,1680.3742540720843,20000.0,0,19
0,92,0,0.0,0,1811.018595642834,20000.0,0,19
0,93,0,0.0,0,1740.0254823078674,20000.0,0,19
0,94,0,0.0,0,1761.6256567460428,20000.0,0,19
0,95,0,0.0,0,1747.1411390200074,20000.0,0,19
0,96,0,0.0,0,1732.2745316269145,20000.0,0,19
0,97,0,0.0,0,1800.9845921390192,20000.0,0,19
0,98,0,0.0,0,1792.2856220211247,20000.0,0,19
0,99,0,0.0,0,1572.3586135445328,20000.0,0,19
0,100,0,0.0,0,1766.8370273558112,20000.0,0,19
0,1,0,0.0,0,1740.273776692941,20000.0,0,19
0,2,0,1769.1155905353771,0,1839.4323431333255,20000.0,0,19
0,3,0,0.0,0,1280.4539136394428,20000.0,0,19
0,4,0,0.0,0,1867.1701989101489,20000.0,0,19
0,5,0,0.0,0,1688.2546696453594,20000.0,0,19
0,6,0,0.0,0,1658.5064881568962,20000.0,0,19
0,7,0,0.0,0,1779.6371469108137,20000.0,0,19
0,8,0,0.0,0,1828.9331525836383,20000.0,0,19
0,9,0,0.0,0,1908.3528107660143,20000.0,0,19
0,10,0,0.0,0,1811.5180323472598,20000.0,0,19
0,11,0,0.0,0,1746.563122000203,20000.0,0,19
0,12,0,0.0,0,1764.6229222954116,20000.0,0,19
0,13,0,0.0,0,1731.3779565537861,20000.0,0,19
0,14,0,0.0,0,1786.1331279380336,20000.0,0,19
0,15,0,32074.869348853827,0,1842.1318681928499,20000.0,0,19
0,16,0,0.0,0,1658.8913335969517,20000.0,0,19
0,17,0,0.0,0,1716.4480700562515,20000.0,0,19
0,18,0,0.0,0,1656.7808279366616,20000.0,0,19
0,19,0,0.0,0,1758.1245565259394,20000.0,0,19
0,20,0,0.0,0,1611.1195350012144,20000.0,0,19
0,21,0,0.0,0,1846.200973395692,20000.0,0,19
0,22,0,0.0,0,1797.8499450446207,20000.0,0,19
0,23,0,0.0,0,1349.7388764002012,20000.0,0,19
0,24,0,0.0,0,1685.809588560829,20000.0,0,19
0,25,0,0.0,0,1774.113340619363,20000.0,0,19
0,26,0,0.0,0,1785.6695532491708,20000.0,0,19
0,27,0,506115.8229782715,0,1873.6922045075523,20000.0,0,19
0,28,0,0.0,0,1775.6681760134102,20000.0,0,19
0,29,0,0.0,0,1758.5927722149977,20000.0,0,19
0,30,0,0.0,0,1691.4363444564387,20000.0,0,19
0,31,0,0.0,0,1515.3150507413304,20000.0,0,19
0,32,0,0.0,0,1767.499392509102,20000.0,0,19
0,33,0,986158.742061913,0,1774.8717218780841,20000.0,0,19
0,34,0,0.0,0,1899.630859571526,20000.0,0,19
0,35,0,0.0,0,1270.0958158448484,20000.0,0,19
0,36,0,0.0,0,1732.7927641918247,20000.0,0,19
0,37,0,0.0,0,1735.0271653253149,20000.0,0,19
0,38,0,0.0,0,1831.3926948063831,20000.0,0,19
0,39,0,0.0,0,1572.5989500999835,20000.0,0,19
0,40,0,0.0,0,1712.0910489369344,20000.0,0,19
0,41,0,0.0,0,1786.3287999610682,20000.0,0,19
0,42,0,0.0,0,1775.4497410728188,20000.0,0,19
0,43,0,0.0,0,1841.5419591275531,20000.0,0,19
0,44,0,0.0,0,1783.1758436838302,20000.0,0,19
0,45,0,0.0,0,1707.1937064114222,20000.0,0,19
0,46,0,0.0,0,1733.3711939547613,20000.0,0,19
0,47,0,0.0,0,1654.772120982848,20000.0,0,19
0,48,0,0.0,0,1877.8288414520507,20000.0,0,19
0,49,0,0.0,0,1631.9852786955344,20000.0,0,19
0,50,0,0.0,0,1786.9990973000045,20000.0,0,19
0,51,0,0.0,0,1754.2231966139539,20000.0,0,19
0,52,0,0.0,0,1635.6357115705193,20000.0,0,19
0,53,0,0.0,0,1761.734990889938,20000.0,0,19
0,54,0,0.0,0,1870.860281332704,20000.0,0,19
0,55,0,0.0,0,1730.1837261867754,20000.0,0,19
0,56,0,0.0,0,1708.0429187061736,20000.0,0,19
0,57,0,0.0,0,1710.3748564680739,20000.0,0,19
0,58,0,0.0,0,1804.193930268779,20000.0,0,19
0,59,0,0.0,0,1742.2899008644229,20000.0,0,19
0,60,0,0.0,0,1661.2682178259313,20000.0,0,19
0,61,0,0.0,0,1835.3364011404394,20000.0,0,19
0,62,0,0.0,0,1591.316519810758,20000.0,0,19
0,63,0,0.0,0,1534.3313739113576,20000.0,0,19
0,64,0,0.0,0,1726.6279787964963,20000.0,0,19
0,65,0,0.0,0,1743.4045362901466,20000.0,0,19
0,66,0,0.0,0,1799.6896739817971,20000.0,0,19
0,67,0,0.0,0,1701.6631416722787,20000.0,0,19
0,68,0,0.0,0,1891.1071835536438,20000.0,0,19
0,69,0,0.0,0,1760.7634440060788,20000.0,0,19
0,70,0,0.0,0,1730.9409969149167,20000.0,0,19
0,71,0,0.0,0,1636.7645168537804,20000.0,0,19
0,72,0,0.0,0,1602.245683528469,20000.0,0,19
0,73,0,0.0,0,1802.1687953178669,20000.0,0,19
0,74,0,0.0,0,1575.2812931805572,20000.0,0,19
0,75,0,0.0,0,1789.152936851145,20000.0,0,19
0,76,0,0.0,0,1737.4171206117119,20000.0,0,19
0,77,0,0.0,0,1579.2575146997453,20000.0,0,19
0,78,0,0.0,0,1629.302492099793,20000.0,0,19
0,79,0,0.0,0,1656.2652990186143,20000.0,0,19
0,80,0,0.0,0,1850.6342139118253,20000.0,0,19
0,81,0,0.0,0,1799.1506603574107,20000.0,0,19
0,82,0,0.0,0,1591.075614139581,20000.0,0,19
0,83,0,0.0,0,1817.992980216612,20000.0,0,19
0,84,0,0.0,0,1836.8589518640633,20000.0,0,19
0,85,0,0.0,0,1745.9476070705534,20000.0,0,19
0,86,0,1013916.4808019067,0,1873.3270256829167,20000.0,0,19
0,87,0,0.0,0,1688.9932910517448,20000.0,0,19
0,88,0,0.0,0,1838.691304280578,20000.0,0,19
0,89,0,0.0,0,1868.7276974730894,20000.0,0,19
0,90,0,0.0,0,1802.1781264106623,20000.0,0,19
0,91,0,0.0,0,1617.3734261790355,20000.0,0,19
0,92,0,0.0,0,1443.6711150163965,20000.0,0,19
0,93,0,556850.6466107734,0,1802.9936246346224,20000.0,0,19
0,94,0,0.0,0,1722.9669769840682,20000.0,0,19
0,95,0,0.0,0,1692.887653302206,20000.0,0,19
0,96,0,0.0,0,1710.9776128815327,20000.0,0,19
0,97,0,0.0,0,1842.7718947258181,20000.0,0,19
0,98,0,0.0,0,1723.948011728374,20000.0,0,19
0,99,0,0.0,0,1579.4275433225318,20000.0,0,19
0,100,0,1882116.6662946506,0,1893.516281359476,20000.0,0,19
0,1,0,0.0,0,1440.657134857419,20000.0,0,19
0,2,0,0.0,0,1632.6473466031348,20000.0,0,19
0,3,0,0.0,0,1723.4610733672816,20000.0,0,19
0,4,0,0.0,0,1795.0554059023682,20000.0,0,19
0,5,0,0.0,0,1854.5158044442624,20000.0,0,19
0,6,0,0.0,0,1743.7431074697613,20000.0,0,19
0,7,0,0.0,0,1841.6837130382612,20000.0,0,19
0,8,0,0.0,0,1419.975138951168,20000.0,0,19
0,9,0,0.0,0,1676.220368620033,20000.0,0,19
0,10,0,0.0,0,1861.1719274025304,20000.0,0,19
0,11,0,1410737.0036509207,0,1884.2657753497258,20000.0,0,19
0,12,0,0.0,0,1648.917976801907,20000.0,0,19
0,13,0,0.0,0,1666.7124809793347,20000.0,0,19
0,14,0,0.0,0,1646.065689936758,20000.0,0,19
0,15,0,0.0,0,1861.6475566563054,20000.0,0,19
0,16,0,0.0,0,1669.8327456423524,20000.0,0,19
0,17,0,0.0,0,1834.3547490059889,20000.0,0,19
0,18,0,0.0,0,1700.6509506222947,20000.0,0,19
0,19,0,0.0,0,1548.8462303142,20000.0,0,19
0,20,0,0.0,0,1767.874567164654,20000.0,0,19
0,21,0,0.0,0,1841.9580045544717,20000.0,0,19
0,22,0,0.0,0,962.6297774071073,20000.0,0,19
0,23,0,0.0,0,1673.733043721132,20000.0,0,19
0,24,0,0.0,0,1566.6277157287368,20000.0,0,19
0,25,0,0.0,0,1698.3997167674545,20000.0,0,19
0,26,0,0.0,0,1475.5316169836515,20000.0,0,19
0,27,0,0.0,0,1806.5160174184487,20000.0,0,19
0,28,0,0.0,0,1815.9478872128973,20000.0,0,19
0,29,0,0.0,0,1776.3629415840244,20000.0,0,19
0,30,0,0.0,0,1658.703509515884,20000.0,0,19
0,31,0,0.0,0,1729.8885163945718,20000.0,0,19
0,32,0,0.0,0,1710.3473307895254,20000.0,0,19
0,33,0,0.0,0,1798.1447229698247,20000.0,0,19
0,34,0,0.0,0,1810.9918773301874,20000.0,0,19
0,35,0,0.0,0,1743.4938587563404,20000.0,0,19
0,36,0,1419036.7392876504,0,1819.3568084780886,20000.0,0,19
0,37,0,0.0,0,1712.2642029820572,20000.0,0,19
0,38,0,0.0,0,1611.0638907613027,20000.0,0,19
0,39,0,0.0,0,1319.350428755359,20000.0,0,19
0,40,0,0.0,0,1789.541348699119,20000.0,0,19
0,41,0,0.0,0,1583.0697922206364,20000.0,0,19
0,42,0,0.0,0,1710.9746990311614,20000.0,0,19
0,43,0,0.0,0,1704.8599524751821,20000.0,0,19
0,44,0,455888.34570228634,0,1806.1882804147338,20000.0,0,19
0,45,0,0.0,0,1794.8553255820846,20000.0,0,19
0,46,0,0.0,0,1836.9239917787875,20000.0,0,19
0,47,0,0.0,0,1763.3851174629442,20000.0,0,19
0,48,0,0.0,0,1651.6331287008431,20000.0,0,19
0,49,0,0.0,0,1311.5896620851047,20000.0,0,19
0,50,0,0.0,0,1743.3343616166192,20000.0,0,19
0,51,0,1485983.5262617085,0,1893.2105877827673,20000.0,0,19
0,52,0,0.0,0,1747.677454707156,20000.0,0,19
0,53,0,0.0,0,1831.6450862076633,20000.0,0,19
0,54,0,0.0,0,1833.6857631948837,20000.0,0,19
0,55,0,0.0,0,1801.7765799501146,20000.0,0,19
0,56,0,1230553.1002518565,0,1887.9626637212539,20000.0,0,19
0,57,0,0.0,0,1790.9954373881217,20000.0,0,19
0,58,0,0.0,0,1699.135328480177,20000.0,0,19
0,59,0,0.0,0,1695.424054005267,20000.0,0,19
0,60,0,0.0,0,1568.1326184498714,20000.0,0,19
0,61,0,0.0,0,1760.0216040875055,20000.0,0,19
0,62,0,0.0,0,1827.8557727078921,20000.0,0,19
0,63,0,0.0,0,1630.177868074285,20000.0,0,19
0,64,0,0.0,0,1753.5695845157932,20000.0,0,19
0,65,0,0.0,0,1744.7601090061644,20000.0,0,19
0,66,0,0.0,0,1874.4584239885478,20000.0,0,19
0,67,0,1786095.7372225146,0,1799.8543038589967,20000.0,0,19
0,68,0,0.0,0,1793.3037389339217,20000.0,0,19
0,69,0,0.0,0,1762.3568308516392,20000.0,0,19
0,70,0,0.0,0,1727.8813108215697,20000.0,0,19
0,71,0,0.0,0,1753.5506227002593,20000.0,0,19
0,72,0,0.0,0,1816.4740366635128,20000.0,0,19
0,73,0,0.0,0,1729.1851924851062,20000.0,0,19
0,74,0,548279.5341544102,0,1879.6793555732181,20000.0,0,19
0,75,0,0.0,0,1540.345764706799,20000.0,0,19
0,76,0,1884467.4885923376,0,1801.802295640202,20000.0,0,19
0,77,0,0.0,0,1699.7920364354695,20000.0,0,19
0,78,0,0.0,0,1570.54749868827,20000.0,0,19
0,79,0,0.0,0,1778.6125007875175,20000.0,0,19
0,80,0,0.0,0,1477.5244811477055,20000.0,0,19
0,81,0,0.0,0,1840.1166763739116,20000.0,0,19
0,82,0,0.0,0,1778.8113328578777,20000.0,0,19
0,83,0,0.0,0,1817.6909106467153,20000.0,0,19
0,84,0,0.0,0,1622.1864041354022,20000.0,0,19
0,85,0,0.0,0,1494.1335550242245,20000.0,0,19
0,86,0,0.0,0,1644.658449644038,20000.0,0,19
0,87,0,0.0,0,1865.1357778527981,20000.0,0,19
0,88,0,0.0,0,1891.4310585306475,20000.0,0,19
0,89,0,0.0,0,1748.3899127722677,20000.0,0,19
0,90,0,1399797.9576956192,0,1889.3299855350263,20000.0,0,19
0,91,0,0.0,0,1793.081658920668,20000.0,0,19
0,92,0,0.0,0,1037.0221397885864,20000.0,0,19
0,93,0,1319827.0290700844,0,1766.2276581195638,20000.0,0,19
0,94,0,961335.5827124695,0,1759.8321417025024,20000.0,0,19
0,95,0,0.0,0,1071.4041760866069,20000.0,0,19
0,96,0,0.0,0,1780.3254520577193,20000.0,0,19
0,97,0,0.0,0,1731.6495767226238,20000.0,0,19
0,98,0,0.0,0,1852.2865233279363,20000.0,0,19
0,99,0,0.0,0,1760.820408719588,20000.0,0,19
0,100,0,0.0,0,1831.633868110604,20000.0,0,19
0,1,0,0.0,0,1754.466696443221,20000.0,0,19
0,2,0,1177965.588083662,0,1786.505364299663,20000.0,0,19
0,3,0,0.0,0,1825.4449736084362,20000.0,0,19
0,4,0,0.0,0,1812.7373175865416,20000.0,0,19
0,5,0,0.0,0,1297.30456403749,20000.0,0,19
0,6,0,0.0,0,1709.6707407356746,20000.0,0,19
0,7,0,0.0,0,1560.8554153781747,20000.0,0,19
0,8,0,0.0,0,1609.0027442370138,20000.0,0,19
0,9,0,0.0,0,1790.582524379939,20000.0,0,19
0,10,0,0.0,0,1605.2118741069694,20000.0,0,19
0,11,0,0.0,0,1689.06707367886,20000.0,0,19
0,12,0,0.0,0,1841.3425230830555,20000.0,0,19
0,13,0,0.0,0,1887.5446888801762,20000.0,0,19
0,14,0,20065.913908822455,0,1776.6171372791416,20000.0,0,19
0,15,0,0.0,0,1692.2580292680395,20000.0,0,19
0,16,0,0.0,0,1749.4375285705835,20000.0,0,19
0,17,0,0.0,0,1700.259171381453,20000.0,0,19
0,18,0,0.0,0,1820.1367440113188,20000.0,0,19
0,19,0,0.0,0,1733.2320125186393,20000.0,0,19
0,20,0,0.0,0,1813.088517823167,20000.0,0,19
0,21,0,0.0,0,1752.8021749147792,20000.0,0,19
0,22,0,0.0,0,1794.4803432435397,20000.0,0,19
0,23,0,0.0,0,1819.4163927960226,20000.0,0,19
0,24,0,0.0,0,1575.2559124382904,20000.0,0,19
0,25,0,578891.3801165996,0,1896.0631087043919,20000.0,0,19
0,26,0,844473.2282233168,0,1908.220394750184,20000.0,0,19
0,27,0,203827.5212439886,0,1823.152624992193,20000.0,0,19
0,28,0,0.0,0,1716.1782599668145,20000.0,0,19
0,29,0,0.0,0,1774.6353478524766,20000.0,0,19
0,30,0,0.0,0,1673.875304198639,20000.0,0,19
0,31,0,0.0,0,1740.5105160302573,20000.0,0,19
0,32,0,0.0,0,1580.399257112116,20000.0,0,19
0,33,0,0.0,0,1775.761544822864,20000.0,0,19
0,34,0,0.0,0,1774.5245127930373,20000.0,0,19
0,35,0,0.0,0,1579.6478268680823,20000.0,0,19
0,36,0,0.0,0,1828.5943282700043,20000.0,0,19
0,37,0,0.0,0,1750.8117452451263,20000.0,0,19
0,38,0,0.0,0,1698.7579075141632,20000.0,0,19
0,39,0,0.0,0,1762.3399875025375,20000.0,0,19
0,40,0,0.0,0,1888.5901608911904,20000.0,0,19
0,41,0,1203135.6368648591,0,1877.5264302423757,20000.0,0,19
0,42,0,0.0,0,1702.049231090287,20000.0,0,19
0,43,0,0.0,0,1711.475569433219,20000.0,0,19
0,44,0,0.0,0,1689.3676039819297,20000.0,0,19
0,45,0,0.0,0,1321.9997865651471,20000.0,0,19
0,46,0,0.0,0,1486.6987691698514,20000.0,0,19
0,47,0,0.0,0,1815.9130807017934,20000.0,0,19
0,48,0,0.0,0,1731.4574047392266,20000.0,0,19
0,49,0,0.0,0,1634.6435733336768,20000.0,0,19
0,50,0,0.0,0,1856.9710477745048,20000.0,0,19
0,51,0,262029.35718762514,0,1831.167232527212,20000.0,0,19
0,52,0,0.0,0,1584.1701259394322,20000.0,0,19
0,53,0,0.0,0,1823.7609037935486,20000.0,0,19
0,54,0,0.0,0,1781.9121714700648,20000.0,0,19
0,55,0,0.0,0,1433.7043136315438,20000.0,0,19
0,56,0,0.0,0,1836.6522626583524,20000.0,0,19
0,57,0,0.0,0,1459.4201466093293,20000.0,0,19
0,58,0,1520064.05868336,0,1876.5214553853527,20000.0,0,19
0,59,0,0.0,0,1807.5606152583966,20000.0,0,19
0,60,0,0.0,0,1529.6424115628226,20000.0,0,19
0,61,0,0.0,0,1584.3950231511765,20000.0,0,19
0,62,0,0.0,0,1574.7165253762887,20000.0,0,19
0,63,0,0.0,0,1626.5283400683231,20000.0,0,19
0,64,0,0.0,0,1851.6109816585642,20000.0,0,19
0,65,0,0.0,0,1794.8105924706733,20000.0,0,19
0,66,0,0.0,0,1587.021833132437,20000.0,0,19
0,67,0,0.0,0,1855.525117674292,20000.0,0,19
0,68,0,0.0,0,1513.3164574467146,20000.0,0,19
0,69,0,0.0,0,1643.3837767620203,20000.0,0,19
0,70,0,0.0,0,1790.0072967229407,20000.0,0,19
0,71,0,0.0,0,1731.9769506663165,20000.0,0,19
0,72,0,0.0,0,1656.0621357771413,20000.0,0,19
0,73,0,0.0,0,1777.210485543843,20000.0,0,19
0,74,0,0.0,0,1644.9395186748839,20000.0,0,19
0,75,0,0.0,0,1595.8896666434684,20000.0,0,19
0,76,0,0.0,0,1634.015811577548,20000.0,0,19
0,77,0,0.0,0,1534.8713188820655,20000.0,0,19
0,78,0,0.0,0,1130.7649375285832,20000.0,0,19
0,79,0,0.0,0,1586.0744487689003,20000.0,0,19
0,80,0,0.0,0,1702.6214934092814,20000.0,0,19
0,81,0,0.0,0,1868.460036484578,20000.0,0,19
0,82,0,0.0,0,1777.4112446254992,20000.0,0,19
0,83,0,0.0,0,1738.8629246372893,20000.0,0,19
0,84,0,193697.97281848022,0,1812.8928032112706,20000.0,0,19
0,85,0,0.0,0,1875.0989700097311,20000.0,0,19
0,86,0,0.0,0,1698.0849972784247,20000.0,0,19
0,87,0,0.0,0,1848.2017991239536,20000.0,0,19
0,88,0,0.0,0,1764.268840545941,20000.0,0,19
0,89,0,0.0,0,1827.290267577547,20000.0,0,19
0,90,0,0.0,0,1674.9338299913911,20000.0,0,19
0,91,0,0.0,0,1344.8736607391654,20000.0,0,19
0,92,0,0.0,0,1699.9051983544991,20000.0,0,19
0,93,0,1264373.9596449474,0,1822.5064779912607,20000.0,0,19
0,94,0,0.0,0,1809.779983471538,20000.0,0,19
0,95,0,0.0,0,1808.4171579414717,20000.0,0,19
0,96,0,0.0,0,1769.0085211642145,20000.0,0,19
0,97,0,0.0,0,1743.624646799146,20000.0,0,19
0,98,0,0.0,0,1760.3635729366347,20000.0,0,19
0,99,0,0.0,0,1419.9358840958678,20000.0,0,19
0,100,0,0.0,0,1743.6408423498985,20000.0,0,19
0,1,0,0.0,0,1650.493544778554,20000.0,0,19
0,2,0,843800.9419910061,0,1911.0735846498176,20000.0,0,19
0,3,0,0.0,0,1446.3500696832764,20000.0,0,19
0,4,0,0.0,0,1332.2690394985016,20000.0,0,19
0,5,0,0.0,0,1898.1822184708114,20000.0,0,19
0,6,0,0.0,0,1751.5523150122367,20000.0,0,19
0,7,0,0.0,0,1751.8930830745005,20000.0,0,19
0,8,0,0.0,0,1719.1772060282879,20000.0,0,19
0,9,0,0.0,0,1799.2086238544243,20000.0,0,19
0,10,0,0.0,0,1649.6919511895348,20000.0,0,19
0,11,0,0.0,0,1773.0513770690486,20000.0,0,19
0,12,0,0.0,0,1744.2577853359428,20000.0,0,19
0,13,0,0.0,0,1852.182368718782,20000.0,0,19
0,14,0,0.0,0,1778.3974071076348,20000.0,0,19
0,15,0,0.0,0,1773.5856509207358,20000.0,0,19
0,16,0,0.0,0,1653.68584452903,20000.0,0,19
0,17,0,0.0,0,1631.4927340734755,20000.0,0,19
0,18,0,0.0,0,1703.9350177079264,20000.0,0,19
0,19,0,0.0,0,1839.5124029043607,20000.0,0,19
0,20,0,0.0,0,1821.1600823731758,20000.0,0,19
0,21,0,0.0,0,1887.1959671552615,20000.0,0,19
0,22,0,0.0,0,1762.0800416171203,20000.0,0,19
0,23,0,0.0,0,1601.7528970824205,20000.0,0,19
0,24,0,95705.39036093168,0,1780.6016551915855,20000.0,0,19
0,25,0,0.0,0,1255.0176438433525,20000.0,0,19
0,26,0,0.0,0,1778.5235073948745,20000.0,0,19
0,27,0,0.0,0,1481.326973364844,20000.0,0,19
0,28,0,0.0,0,1707.0122058130964,20000.0,0,19
0,29,0,0.0,0,1735.7485976933442,20000.0,0,19
0,30,0,0.0,0,1863.1471554195518,20000.0,0,19
0,31,0,0.0,0,1774.5727662225586,20000.0,0,19
0,32,0,0.0,0,1755.8447220956698,20000.0,0,19
0,33,0,0.0,0,1601.3773493792135,20000.0,0,19
0,34,0,0.0,0,1779.8541846804326,20000.0,0,19
0,35,0,0.0,0,1851.572627660571,20000.0,0,19
0,36,0,0.0,0,1817.1099871149868,20000.0,0,19
0,37,0,0.0,0,1857.8938246908954,20000.0,0,19
0,38,0,0.0,0,1574.0659113762727,20000.0,0,19
0,39,0,0.0,0,1870.8678632804406,20000.0,0,19
0,40,0,0.0,0,1576.7377414243276,20000.0,0,19
0,41,0,0.0,0,1406.0657032388817,20000.0,0,19
0,42,0,0.0,0,1656.2888858802398,20000.0,0,19
0,43,0,0.0,0,1814.8711003375763,20000.0,0,19
0,44,0,0.0,0,1740.0190560514036,20000.0,0,19
0,45,0,0.0,0,1713.2253510665514,20000.0,0,19
0,46,0,0.0,0,1634.566901927493,20000.0,0,19
0,47,0,0.0,0,1741.689649715568,20000.0,0,19
0,48,0,0.0,0,1675.5584741610007,20000.0,0,19
0,49,0,0.0,0,1835.2182258489488,20000.0,0,19
0,50,0,0.0,0,1711.9394062399201,20000.0,0,19
0,51,0,0.0,0,1645.8408833974372,20000.0,0,19
0,52,0,0.0,0,1734.8974510789026,20000.0,0,19
0,53,0,0.0,0,1733.3961239840012,20000.0,0,19
0,54,0,0.0,0,1698.6957770961872,20000.0,0,19
0,55,0,0.0,0,1696.8254237579813,20000.0,0,19
0,56,0,0.0,0,1731.5492950067264,20000.0,0,19
0,57,0,0.0,0,1792.4028469979633,20000.0,0,19
0,58,0,0.0,0,1592.7896269721466,20000.0,0,19
0,59,0,0.0,0,1656.2660508628037,20000.0,0,19
0,60,0,0.0,0,1792.5910988303294,20000.0,0,19
0,61,0,3846683.612837491,0,1921.6612052841028,20000.0,0,19
0,62,0,0.0,0,1820.9833589801601,20000.0,0,19
0,63,0,0.0,0,1650.1658640900462,20000.0,0,19
0,64,0,0.0,0,1770.9745607694167,20000.0,0,19
0,65,0,0.0,0,1743.3998668355061,20000.0,0,19
0,66,0,0.0,0,1727.460945800692,20000.0,0,19
0,67,0,0.0,0,1884.278112123169,20000.0,0,19
0,68,0,0.0,0,1786.4587333955897,20000.0,0,19
0,69,0,0.0,0,1752.713158392913,20000.0,0,19
0,70,0,0.0,0,1765.2152817257272,20000.0,0,19
0,71,0,0.0,0,1858.389470934582,20000.0,0,19
0,72,0,0.0,0,1618.129660357786,20000.0,0,19
0,73,0,0.0,0,1650.2297044571326,20000.0,0,19
0,74,0,1446070.7160052664,0,1831.1815854115569,20000.0,0,19
0,75,0,0.0,0,1741.7843390877833,20000.0,0,19
0,76,0,0.0,0,1690.872897907138,20000.0,0,19
0,77,0,0.0,0,1802.2789962594668,20000.0,0,19
0,78,0,0.0,0,1628.2458370157096,20000.0,0,19
0,79,0,0.0,0,1334.921616230252,20000.0,0,19
0,80,0,0.0,0,1758.3431796601221,20000.0,0,19
0,81,0,0.0,0,1467.7284744070862,20000.0,0,19
0,82,0,0.0,0,821.3764588024501,20000.0,0,19
0,83,0,0.0,0,1430.20420774074,20000.0,0,19
0,84,0,0.0,0,1847.247534794334,20000.0,0,19
0,85,0,0.0,0,1738.2861171802754,20000.0,0,19
0,86,0,0.0,0,1698.7772366196637,20000.0,0,19
0,87,0,0.0,0,1599.0451532161753,20000.0,0,19
0,88,0,0.0,0,1840.9912409807885,20000.0,0,19
0,89,0,0.0,0,0.0,20000.0,0,19
0,90,0,0.0,0,1614.609396407859,20000.0,0,19
0,91,0,0.0,0,1715.2300770569161,20000.0,0,19
0,92,0,0.0,0,1851.4948012594389,20000.0,0,19
0,93,0,0.0,0,1755.3907553284125,20000.0,0,19
0,94,0,0.0,0,1711.9403470206273,20000.0,0,19
0,95,0,0.0,0,1843.600925531913,20000.0,0,19
0,96,0,0.0,0,1878.6032246840784,20000.0,0,19
0,97,0,0.0,0,1493.5008341173323,20000.0,0,19
0,98,0,0.0,0,1823.4668984387608,20000.0,0,19
0,99,0,0.0,0,1749.7255345535766,20000.0,0,19
0,100,0,0.0,0,1587.2053158661568,20000.0,0,19
0,1,0,0.0,0,1782.1555372999765,20000.0,0,19
0,2,0,0.0,0,1726.575446572216,20000.0,0,19
0,3,0,1721640.201565616,0,1805.2151421699248,20000.0,0,19
0,4,0,0.0,0,1788.2777338360718,20000.0,0,19
0,5,0,0.0,0,1806.5537993787627,20000.0,0,19
0,6,0,0.0,0,1836.4191876839702,20000.0,0,19
0,7,0,0.0,0,1831.6333013291976,20000.0,0,19
0,8,0,0.0,0,1679.6816832331629,20000.0,0,19
0,9,0,0.0,0,1778.1263247486488,20000.0,0,19
0,10,0,0.0,0,1860.9618395036316,20000.0,0,19
0,11,0,0.0,0,1299.3698013931817,20000.0,0,19
0,12,0,0.0,0,1732.5586868339853,20000.0,0,19
0,13,0,0.0,0,1469.2775664499025,20000.0,0,19
0,14,0,0.0,0,1697.1166796973207,20000.0,0,19
0,15,0,0.0,0,1644.3979969946768,20000.0,0,19
0,16,0,0.0,0,1689.9077261714315,20000.0,0,19
0,17,0,0.0,0,1852.3164001760188,20000.0,0,19
0,18,0,0.0,0,1744.0546959519565,20000.0,0,19
0,19,0,0.0,0,1763.7522799593623,20000.0,0,19
0,20,0,0.0,0,1853.5286087641757,20000.0,0,19
0,21,0,0.0,0,1787.0985115912688,20000.0,0,19
0,22,0,0.0,0,1679.6748468536011,20000.0,0,19
0,23,0,0.0,0,1657.0793584908565,20000.0,0,19
0,24,0,0.0,0,1780.062473422107,20000.0,0,19
0,25,0,0.0,0,1802.8879522651725,20000.0,0,19
0,26,0,0.0,0,1738.573970905913,20000.0,0,19
0,27,0,0.0,0,1664.7268649713733,20000.0,0,19
0,28,0,0.0,0,1572.7439071124475,20000.0,0,19
0,29,0,0.0,0,1827.9677945657838,20000.0,0,19
0,30,0,0.0,0,1755.253988839612,20000.0,0,19
0,31,0,0.0,0,1835.8555833871553,20000.0,0,19
0,32,0,0.0,0,1704.93971102887,20000.0,0,19
0,33,0,0.0,0,1741.2085892521145,20000.0,0,19
0,34,0,0.0,0,1034.8923480403832,20000.0,0,19
0,35,0,0.0,0,1751.428093558391,20000.0,0,19
0,36,0,0.0,0,1776.5147147931577,20000.0,0,19
0,37,0,0.0,0,1819.5725372691763,20000.0,0,19
0,38,0,0.0,0,1804.886573579833,20000.0,0,19
0,39,0,0.0,0,1881.5991291371158,20000.0,0,19
0,40,0,0.0,0,1780.366713653678,20000.0,0,19
0,41,0,0.0,0,1776.0935281135587,20000.0,0,19
0,42,0,0.0,0,1711.1485884318977,20000.0,0,19
0,43,0,0.0,0,1722.284656559354,20000.0,0,19
0,44,0,0.0,0,1529.4877935252564,20000.0,0,19
0,45,0,0.0,0,1578.519079431984,20000.0,0,19
0,46,0,0.0,0,1874.1513729827584,20000.0,0,19
0,47,0,0.0,0,1620.4227498756043,20000.0,0,19
0,48,0,0.0,0,1807.751947711854,20000.0,0,19
0,49,0,0.0,0,1405.3667952666615,20000.0,0,19
0,50,0,0.0,0,1816.721281015041,20000.0,0,19
0,51,0,0.0,0,1341.366349464413,20000.0,0,19
0,52,0,0.0,0,1765.7575962649826,20000.0,0,19
0,53,0,0.0,0,1872.161608985232,20000.0,0,19
0,54,0,0.0,0,1866.1493499299218,20000.0,0,19
0,55,0,0.0,0,1776.4827962533548,20000.0,0,19
0,56,0,0.0,0,1251.787512103616,20000.0,0,19
0,57,0,0.0,0,1831.6668684298959,20000.0,0,19
0,58,0,0.0,0,1577.261183159398,20000.0,0,19
0,59,0,1294510.840370844,0,1782.8749267074538,20000.0,0,19
0,60,0,0.0,0,1881.8855009782608,20000.0,0,19
0,61,0,0.0,0,1694.989906573168,20000.0,0,19
0,62,0,0.0,0,1703.0280204416383,20000.0,0,19
0,63,0,0.0,0,1789.1214484937875,20000.0,0,19
0,64,0,0.0,0,1817.1278117451075,20000.0,0,19
0,65,0,0.0,0,1707.4693200138693,20000.0,0,19
0,66,0,0.0,0,1681.3160778295394,20000.0,0,19
0,67,0,0.0,0,1821.478941672997,20000.0,0,19
0,68,0,0.0,0,1635.371024060536,20000.0,0,19
0,69,0,0.0,0,1874.8387281832195,20000.0,0,19
0,70,0,0.0,0,1608.4466529134231,20000.0,0,19
0,71,0,0.0,0,1786.9203634336495,20000.0,0,19
0,72,0,0.0,0,1848.464136584646,20000.0,0,19
0,73,0,0.0,0,1647.3799533028975,20000.0,0,19
0,74,0,0.0,0,1691.1217649436203,20000.0,0,19
0,75,0,2749447.72664917,0,1909.0746230563846,20000.0,0,19
0,76,0,0.0,0,1713.4829388172336,20000.0,0,19
0,77,0,0.0,0,1725.3037215963273,20000.0,0,19
0,78,0,0.0,0,1798.0442355459686,20000.0,0,19
0,79,0,0.0,0,1606.6801007474246,20000.0,0,19
0,80,0,0.0,0,1638.0734699299992,20000.0,0,19
0,81,0,0.0,0,1709.4114346267927,20000.0,0,19
0,82,0,0.0,0,1737.3363025795315,20000.0,0,19
0,83,0,0.0,0,1842.4590541862267,20000.0,0,19
0,84,0,0.0,0,1705.8609489884557,20000.0,0,19
0,85,0,0.0,0,1579.3984161276383,20000.0,0,19
0,86,0,900527.7875487655,0,1896.5229480173034,20000.0,0,19
0,87,0,0.0,0,1401.085635613814,20000.0,0,19
0,88,0,0.0,0,1530.8997447211289,20000.0,0,19
0,89,0,0.0,0,1754.6802456856994,20000.0,0,19
0,90,0,0.0,0,1651.3347693286996,20000.0,0,19
0,91,0,0.0,0,1614.4288370111626,20000.0,0,19
0,92,0,0.0,0,1701.2190719575424,20000.0,0,19
0,93,0,0.0,0,1684.769348824735,20000.0,0,19
0,94,0,0.0,0,1706.9776124853308,20000.0,0,19
0,95,0,0.0,0,1745.5654687974231,20000.0,0,19
0,96,0,0.0,0,1763.5967546945787,20000.0,0,19
0,97,0,27100.7462668689,0,1848.9781207578055,20000.0,0,19
0,98,0,0.0,0,1362.751586037455,20000.0,0,19
0,99,0,0.0,0,1637.5519623522796,20000.0,0,19
0,100,0,0.0,0,1688.3708284310055,20000.0,0,19
